"time","survival","n_risk","n_event","lower_CI","upper_CI","Sex"
0,0.994475138121547,362,2,0.986868631328199,1,"sex.=F"
0.0246406570841889,0.994475138121547,360,0,0.986868631328199,1,"sex.=F"
0.0903490759753593,0.994475138121547,359,0,0.986868631328199,1,"sex.=F"
0.10403832991102,0.994475138121547,358,0,0.986868631328199,1,"sex.=F"
0.106776180698152,0.994475138121547,357,0,0.986868631328199,1,"sex.=F"
0.120465434633812,0.994475138121547,356,0,0.986868631328199,1,"sex.=F"
0.145106091718001,0.994475138121547,355,0,0.986868631328199,1,"sex.=F"
0.199863107460643,0.994475138121547,354,0,0.986868631328199,1,"sex.=F"
0.216290212183436,0.994475138121547,353,0,0.986868631328199,1,"sex.=F"
0.219028062970568,0.991649924660974,352,1,0.982284405265664,1,"sex.=F"
0.232717316906229,0.991649924660974,350,0,0.982284405265664,1,"sex.=F"
0.276522929500342,0.991649924660974,349,0,0.982284405265664,1,"sex.=F"
0.281998631074606,0.991649924660974,348,0,0.982284405265664,1,"sex.=F"
0.309377138945927,0.988792143898263,347,1,0.977928826153797,0.999776136756562,"sex.=F"
0.334017796030116,0.988792143898263,346,0,0.977928826153797,0.999776136756562,"sex.=F"
0.394250513347023,0.988792143898263,345,0,0.977928826153797,0.999776136756562,"sex.=F"
0.410677618069815,0.988792143898263,344,0,0.977928826153797,0.999776136756562,"sex.=F"
0.449007529089665,0.988792143898263,343,0,0.977928826153797,0.999776136756562,"sex.=F"
0.459958932238193,0.988792143898263,342,0,0.977928826153797,0.999776136756562,"sex.=F"
0.465434633812457,0.988792143898263,341,0,0.977928826153797,0.999776136756562,"sex.=F"
0.503764544832307,0.988792143898263,340,0,0.977928826153797,0.999776136756562,"sex.=F"
0.539356605065024,0.988792143898263,339,0,0.977928826153797,0.999776136756562,"sex.=F"
0.544832306639288,0.988792143898263,338,0,0.977928826153797,0.999776136756562,"sex.=F"
0.558521560574949,0.988792143898263,337,0,0.977928826153797,0.999776136756562,"sex.=F"
0.596851471594798,0.988792143898263,336,0,0.977928826153797,0.999776136756562,"sex.=F"
0.613278576317591,0.988792143898263,335,0,0.977928826153797,0.999776136756562,"sex.=F"
0.621492128678987,0.988792143898263,334,0,0.977928826153797,0.999776136756562,"sex.=F"
0.632443531827515,0.988792143898263,333,0,0.977928826153797,0.999776136756562,"sex.=F"
0.720054757015743,0.988792143898263,332,0,0.977928826153797,0.999776136756562,"sex.=F"
0.725530458590007,0.985804856454461,331,1,0.973521655633579,0.998243037928864,"sex.=F"
0.736481861738535,0.985804856454461,330,0,0.973521655633579,0.998243037928864,"sex.=F"
0.739219712525667,0.985804856454461,329,0,0.973521655633579,0.998243037928864,"sex.=F"
0.75564681724846,0.985804856454461,328,0,0.973521655633579,0.998243037928864,"sex.=F"
0.788501026694045,0.985804856454461,327,0,0.973521655633579,0.998243037928864,"sex.=F"
0.851471594798084,0.982780915176994,326,1,0.969205788348787,0.996546181262123,"sex.=F"
0.870636550308008,0.982780915176994,325,0,0.969205788348787,0.996546181262123,"sex.=F"
0.895277207392197,0.982780915176994,324,0,0.969205788348787,0.996546181262123,"sex.=F"
0.922655715263518,0.982780915176994,323,0,0.969205788348787,0.996546181262123,"sex.=F"
0.928131416837782,0.982780915176994,322,0,0.969205788348787,0.996546181262123,"sex.=F"
0.947296372347707,0.982780915176994,321,0,0.969205788348787,0.996546181262123,"sex.=F"
0.952772073921971,0.982780915176994,320,0,0.969205788348787,0.996546181262123,"sex.=F"
0.988364134154689,0.982780915176994,319,0,0.969205788348787,0.996546181262123,"sex.=F"
1.00752908966461,0.982780915176994,317,0,0.969205788348787,0.996546181262123,"sex.=F"
1.03764544832307,0.982780915176994,316,0,0.969205788348787,0.996546181262123,"sex.=F"
1.06776180698152,0.982780915176994,315,0,0.969205788348787,0.996546181262123,"sex.=F"
1.07871321013005,0.982780915176994,314,0,0.969205788348787,0.996546181262123,"sex.=F"
1.08145106091718,0.982780915176994,313,0,0.969205788348787,0.996546181262123,"sex.=F"
1.08692676249144,0.982780915176994,312,0,0.969205788348787,0.996546181262123,"sex.=F"
1.09514031485284,0.982780915176994,310,0,0.969205788348787,0.996546181262123,"sex.=F"
1.1006160164271,0.982780915176994,309,0,0.969205788348787,0.996546181262123,"sex.=F"
1.13620807665982,0.982780915176994,307,0,0.969205788348787,0.996546181262123,"sex.=F"
1.13894592744695,0.982780915176994,306,0,0.969205788348787,0.996546181262123,"sex.=F"
1.17180013689254,0.982780915176994,305,0,0.969205788348787,0.996546181262123,"sex.=F"
1.1937029431896,0.982780915176994,304,0,0.969205788348787,0.996546181262123,"sex.=F"
1.26488706365503,0.982780915176994,303,0,0.969205788348787,0.996546181262123,"sex.=F"
1.29774127310062,0.982780915176994,302,0,0.969205788348787,0.996546181262123,"sex.=F"
1.32511978097194,0.982780915176994,301,0,0.969205788348787,0.996546181262123,"sex.=F"
1.35523613963039,0.982780915176994,299,0,0.969205788348787,0.996546181262123,"sex.=F"
1.42094455852156,0.982780915176994,298,0,0.969205788348787,0.996546181262123,"sex.=F"
1.43189596167009,0.982780915176994,297,0,0.969205788348787,0.996546181262123,"sex.=F"
1.43737166324435,0.982780915176994,296,0,0.969205788348787,0.996546181262123,"sex.=F"
1.44284736481862,0.982780915176994,295,0,0.969205788348787,0.996546181262123,"sex.=F"
1.45106091718001,0.982780915176994,294,0,0.969205788348787,0.996546181262123,"sex.=F"
1.48117727583847,0.982780915176994,293,0,0.969205788348787,0.996546181262123,"sex.=F"
1.56605065023956,0.982780915176994,292,0,0.969205788348787,0.996546181262123,"sex.=F"
1.63175906913073,0.982780915176994,291,0,0.969205788348787,0.996546181262123,"sex.=F"
1.63449691991786,0.982780915176994,290,0,0.969205788348787,0.996546181262123,"sex.=F"
1.637234770705,0.982780915176994,289,0,0.969205788348787,0.996546181262123,"sex.=F"
1.65366187542779,0.982780915176994,287,0,0.969205788348787,0.996546181262123,"sex.=F"
1.65639972621492,0.982780915176994,286,0,0.969205788348787,0.996546181262123,"sex.=F"
1.66187542778919,0.982780915176994,285,0,0.969205788348787,0.996546181262123,"sex.=F"
1.67008898015058,0.982780915176994,284,0,0.969205788348787,0.996546181262123,"sex.=F"
1.68651608487337,0.982780915176994,283,0,0.969205788348787,0.996546181262123,"sex.=F"
1.68925393566051,0.982780915176994,282,0,0.969205788348787,0.996546181262123,"sex.=F"
1.76865160848734,0.982780915176994,281,0,0.969205788348787,0.996546181262123,"sex.=F"
1.77686516084873,0.982780915176994,280,0,0.969205788348787,0.996546181262123,"sex.=F"
1.78507871321013,0.982780915176994,279,0,0.969205788348787,0.996546181262123,"sex.=F"
1.80424366872005,0.982780915176994,278,0,0.969205788348787,0.996546181262123,"sex.=F"
1.80698151950719,0.982780915176994,277,0,0.969205788348787,0.996546181262123,"sex.=F"
1.83162217659138,0.982780915176994,276,0,0.969205788348787,0.996546181262123,"sex.=F"
1.90554414784394,0.982780915176994,275,0,0.969205788348787,0.996546181262123,"sex.=F"
1.92197125256674,0.982780915176994,274,0,0.969205788348787,0.996546181262123,"sex.=F"
1.92470910335387,0.982780915176994,273,0,0.969205788348787,0.996546181262123,"sex.=F"
2.00136892539357,0.982780915176994,272,0,0.969205788348787,0.996546181262123,"sex.=F"
2.01779603011636,0.982780915176994,271,0,0.969205788348787,0.996546181262123,"sex.=F"
2.05338809034908,0.982780915176994,270,0,0.969205788348787,0.996546181262123,"sex.=F"
2.05886379192334,0.982780915176994,269,0,0.969205788348787,0.996546181262123,"sex.=F"
2.07529089664613,0.982780915176994,268,0,0.969205788348787,0.996546181262123,"sex.=F"
2.1492128678987,0.982780915176994,267,0,0.969205788348787,0.996546181262123,"sex.=F"
2.1574264202601,0.982780915176994,266,0,0.969205788348787,0.996546181262123,"sex.=F"
2.16837782340862,0.982780915176994,265,0,0.969205788348787,0.996546181262123,"sex.=F"
2.22861054072553,0.982780915176994,264,0,0.969205788348787,0.996546181262123,"sex.=F"
2.26146475017112,0.982780915176994,263,0,0.969205788348787,0.996546181262123,"sex.=F"
2.2943189596167,0.982780915176994,262,0,0.969205788348787,0.996546181262123,"sex.=F"
2.31074606433949,0.982780915176994,261,0,0.969205788348787,0.996546181262123,"sex.=F"
2.34086242299795,0.982780915176994,259,0,0.969205788348787,0.996546181262123,"sex.=F"
2.46680355920602,0.982780915176994,258,0,0.969205788348787,0.996546181262123,"sex.=F"
2.48870636550308,0.982780915176994,257,0,0.969205788348787,0.996546181262123,"sex.=F"
2.51334702258727,0.982780915176994,256,0,0.969205788348787,0.996546181262123,"sex.=F"
2.53524982888433,0.982780915176994,255,0,0.969205788348787,0.996546181262123,"sex.=F"
2.54072553045859,0.982780915176994,254,0,0.969205788348787,0.996546181262123,"sex.=F"
2.57357973990418,0.982780915176994,253,0,0.969205788348787,0.996546181262123,"sex.=F"
2.57631759069131,0.982780915176994,252,0,0.969205788348787,0.996546181262123,"sex.=F"
2.5927446954141,0.982780915176994,251,0,0.969205788348787,0.996546181262123,"sex.=F"
2.63655030800821,0.982780915176994,250,0,0.969205788348787,0.996546181262123,"sex.=F"
2.74332648870637,0.982780915176994,249,0,0.969205788348787,0.996546181262123,"sex.=F"
2.80355920602327,0.978818088906119,248,1,0.963276232938075,0.994610702941964,"sex.=F"
2.81177275838467,0.978818088906119,247,0,0.963276232938075,0.994610702941964,"sex.=F"
2.85557837097878,0.978818088906119,246,0,0.963276232938075,0.994610702941964,"sex.=F"
2.86652977412731,0.978818088906119,245,0,0.963276232938075,0.994610702941964,"sex.=F"
2.88569472963723,0.978818088906119,244,0,0.963276232938075,0.994610702941964,"sex.=F"
2.89664613278576,0.978818088906119,243,0,0.963276232938075,0.994610702941964,"sex.=F"
2.90212183436003,0.978818088906119,242,0,0.963276232938075,0.994610702941964,"sex.=F"
2.93497604380561,0.978818088906119,240,0,0.963276232938075,0.994610702941964,"sex.=F"
2.93771389459274,0.978818088906119,239,0,0.963276232938075,0.994610702941964,"sex.=F"
2.94045174537988,0.978818088906119,238,0,0.963276232938075,0.994610702941964,"sex.=F"
2.94592744695414,0.978818088906119,237,0,0.963276232938075,0.994610702941964,"sex.=F"
2.95687885010267,0.978818088906119,236,0,0.963276232938075,0.994610702941964,"sex.=F"
3.03353867214237,0.978818088906119,235,0,0.963276232938075,0.994610702941964,"sex.=F"
3.05270362765229,0.974635105620195,234,1,0.957178671037924,0.992409899895955,"sex.=F"
3.06091718001369,0.974635105620195,233,0,0.957178671037924,0.992409899895955,"sex.=F"
3.11841204654346,0.974635105620195,232,0,0.957178671037924,0.992409899895955,"sex.=F"
3.12936344969199,0.974635105620195,230,0,0.957178671037924,0.992409899895955,"sex.=F"
3.14852840520192,0.974635105620195,229,0,0.957178671037924,0.992409899895955,"sex.=F"
3.15674195756331,0.974635105620195,228,0,0.957178671037924,0.992409899895955,"sex.=F"
3.22792607802875,0.974635105620195,227,0,0.957178671037924,0.992409899895955,"sex.=F"
3.26899383983573,0.974635105620195,226,0,0.957178671037924,0.992409899895955,"sex.=F"
3.28542094455852,0.974635105620195,225,0,0.957178671037924,0.992409899895955,"sex.=F"
3.28815879534565,0.974635105620195,224,0,0.957178671037924,0.992409899895955,"sex.=F"
3.30184804928131,0.974635105620195,223,0,0.957178671037924,0.992409899895955,"sex.=F"
3.38124572210815,0.974635105620195,222,0,0.957178671037924,0.992409899895955,"sex.=F"
3.40041067761807,0.974635105620195,220,0,0.957178671037924,0.992409899895955,"sex.=F"
3.41409993155373,0.974635105620195,219,0,0.957178671037924,0.992409899895955,"sex.=F"
3.42231348391513,0.974635105620195,218,0,0.957178671037924,0.992409899895955,"sex.=F"
3.43874058863792,0.974635105620195,216,0,0.957178671037924,0.992409899895955,"sex.=F"
3.44421629021218,0.974635105620195,214,0,0.957178671037924,0.992409899895955,"sex.=F"
3.47433264887064,0.974635105620195,213,0,0.957178671037924,0.992409899895955,"sex.=F"
3.51813826146475,0.970037770216326,212,1,0.950534621011935,0.989941086674472,"sex.=F"
3.52087611225188,0.970037770216326,211,0,0.950534621011935,0.989941086674472,"sex.=F"
3.54551676933607,0.970037770216326,210,0,0.950534621011935,0.989941086674472,"sex.=F"
3.56194387405886,0.970037770216326,209,0,0.950534621011935,0.989941086674472,"sex.=F"
3.60848733744011,0.970037770216326,208,0,0.950534621011935,0.989941086674472,"sex.=F"
3.62765229295003,0.970037770216326,206,0,0.950534621011935,0.989941086674472,"sex.=F"
3.64955509924709,0.970037770216326,205,0,0.950534621011935,0.989941086674472,"sex.=F"
3.66324435318275,0.970037770216326,204,0,0.950534621011935,0.989941086674472,"sex.=F"
3.68240930869268,0.970037770216326,203,0,0.950534621011935,0.989941086674472,"sex.=F"
3.68514715947981,0.970037770216326,202,0,0.950534621011935,0.989941086674472,"sex.=F"
3.68788501026694,0.970037770216326,201,0,0.950534621011935,0.989941086674472,"sex.=F"
3.75085557837098,0.970037770216326,200,0,0.950534621011935,0.989941086674472,"sex.=F"
3.75633127994524,0.970037770216326,199,0,0.950534621011935,0.989941086674472,"sex.=F"
3.7700205338809,0.970037770216326,198,0,0.950534621011935,0.989941086674472,"sex.=F"
3.7782340862423,0.970037770216326,197,0,0.950534621011935,0.989941086674472,"sex.=F"
3.81656399726215,0.970037770216326,196,0,0.950534621011935,0.989941086674472,"sex.=F"
3.82203969883641,0.970037770216326,195,0,0.950534621011935,0.989941086674472,"sex.=F"
3.82751540041068,0.970037770216326,194,0,0.950534621011935,0.989941086674472,"sex.=F"
3.84120465434634,0.970037770216326,193,0,0.950534621011935,0.989941086674472,"sex.=F"
3.86036960985626,0.970037770216326,192,0,0.950534621011935,0.989941086674472,"sex.=F"
3.95345653661875,0.970037770216326,190,0,0.950534621011935,0.989941086674472,"sex.=F"
3.95619438740589,0.970037770216326,189,0,0.950534621011935,0.989941086674472,"sex.=F"
3.98357289527721,0.970037770216326,188,0,0.950534621011935,0.989941086674472,"sex.=F"
4,0.970037770216326,187,0,0.950534621011935,0.989941086674472,"sex.=F"
4.06570841889117,0.970037770216326,186,0,0.950534621011935,0.989941086674472,"sex.=F"
4.0684462696783,0.970037770216326,185,0,0.950534621011935,0.989941086674472,"sex.=F"
4.10403832991102,0.970037770216326,184,0,0.950534621011935,0.989941086674472,"sex.=F"
4.16427104722793,0.970037770216326,183,0,0.950534621011935,0.989941086674472,"sex.=F"
4.16700889801506,0.970037770216326,182,0,0.950534621011935,0.989941086674472,"sex.=F"
4.19712525667351,0.970037770216326,181,0,0.950534621011935,0.989941086674472,"sex.=F"
4.20260095824778,0.970037770216326,180,0,0.950534621011935,0.989941086674472,"sex.=F"
4.21081451060917,0.970037770216326,179,0,0.950534621011935,0.989941086674472,"sex.=F"
4.2217659137577,0.970037770216326,178,0,0.950534621011935,0.989941086674472,"sex.=F"
4.23819301848049,0.970037770216326,177,0,0.950534621011935,0.989941086674472,"sex.=F"
4.26557152635181,0.970037770216326,176,0,0.950534621011935,0.989941086674472,"sex.=F"
4.26830937713895,0.970037770216326,175,0,0.950534621011935,0.989941086674472,"sex.=F"
4.30937713894593,0.970037770216326,174,0,0.950534621011935,0.989941086674472,"sex.=F"
4.33401779603012,0.970037770216326,173,0,0.950534621011935,0.989941086674472,"sex.=F"
4.36139630390144,0.970037770216326,172,0,0.950534621011935,0.989941086674472,"sex.=F"
4.41889117043121,0.970037770216326,171,0,0.950534621011935,0.989941086674472,"sex.=F"
4.43805612594114,0.970037770216326,170,0,0.950534621011935,0.989941086674472,"sex.=F"
4.47912388774812,0.970037770216326,169,0,0.950534621011935,0.989941086674472,"sex.=F"
4.48186173853525,0.970037770216326,168,0,0.950534621011935,0.989941086674472,"sex.=F"
4.49007529089665,0.970037770216326,167,0,0.950534621011935,0.989941086674472,"sex.=F"
4.50650239561944,0.970037770216326,166,0,0.950534621011935,0.989941086674472,"sex.=F"
4.5284052019165,0.970037770216326,165,0,0.950534621011935,0.989941086674472,"sex.=F"
4.59411362080767,0.970037770216326,164,0,0.950534621011935,0.989941086674472,"sex.=F"
4.61875427789186,0.970037770216326,162,0,0.950534621011935,0.989941086674472,"sex.=F"
4.62422997946612,0.970037770216326,161,0,0.950534621011935,0.989941086674472,"sex.=F"
4.64065708418891,0.970037770216326,160,0,0.950534621011935,0.989941086674472,"sex.=F"
4.70636550308008,0.970037770216326,159,0,0.950534621011935,0.989941086674472,"sex.=F"
4.72553045859001,0.970037770216326,158,0,0.950534621011935,0.989941086674472,"sex.=F"
4.77481177275838,0.970037770216326,157,0,0.950534621011935,0.989941086674472,"sex.=F"
4.82683093771389,0.970037770216326,155,0,0.950534621011935,0.989941086674472,"sex.=F"
4.83504449007529,0.970037770216326,154,0,0.950534621011935,0.989941086674472,"sex.=F"
4.84052019164956,0.970037770216326,153,0,0.950534621011935,0.989941086674472,"sex.=F"
4.85694729637235,0.970037770216326,152,0,0.950534621011935,0.989941086674472,"sex.=F"
4.9719370294319,0.970037770216326,151,0,0.950534621011935,0.989941086674472,"sex.=F"
4.98562628336756,0.970037770216326,150,0,0.950534621011935,0.989941086674472,"sex.=F"
5.02669404517454,0.970037770216326,149,0,0.950534621011935,0.989941086674472,"sex.=F"
5.04859685147159,0.970037770216326,148,0,0.950534621011935,0.989941086674472,"sex.=F"
5.05407255304586,0.970037770216326,147,0,0.950534621011935,0.989941086674472,"sex.=F"
5.05954825462012,0.970037770216326,146,0,0.950534621011935,0.989941086674472,"sex.=F"
5.07323750855578,0.970037770216326,145,0,0.950534621011935,0.989941086674472,"sex.=F"
5.08966461327858,0.970037770216326,144,0,0.950534621011935,0.989941086674472,"sex.=F"
5.10609171800137,0.970037770216326,143,0,0.950534621011935,0.989941086674472,"sex.=F"
5.11156741957563,0.970037770216326,142,0,0.950534621011935,0.989941086674472,"sex.=F"
5.13894592744695,0.970037770216326,141,0,0.950534621011935,0.989941086674472,"sex.=F"
5.16906228610541,0.970037770216326,140,0,0.950534621011935,0.989941086674472,"sex.=F"
5.1772758384668,0.970037770216326,139,0,0.950534621011935,0.989941086674472,"sex.=F"
5.20191649555099,0.970037770216326,138,0,0.950534621011935,0.989941086674472,"sex.=F"
5.21834360027379,0.970037770216326,137,0,0.950534621011935,0.989941086674472,"sex.=F"
5.25667351129363,0.970037770216326,136,0,0.950534621011935,0.989941086674472,"sex.=F"
5.25941136208077,0.970037770216326,135,0,0.950534621011935,0.989941086674472,"sex.=F"
5.29500342231348,0.970037770216326,134,0,0.950534621011935,0.989941086674472,"sex.=F"
5.29774127310062,0.970037770216326,133,0,0.950534621011935,0.989941086674472,"sex.=F"
5.31416837782341,0.970037770216326,132,0,0.950534621011935,0.989941086674472,"sex.=F"
5.33607118412047,0.970037770216326,131,0,0.950534621011935,0.989941086674472,"sex.=F"
5.34428473648186,0.970037770216326,130,0,0.950534621011935,0.989941086674472,"sex.=F"
5.35797399041752,0.970037770216326,129,0,0.950534621011935,0.989941086674472,"sex.=F"
5.39356605065024,0.970037770216326,128,0,0.950534621011935,0.989941086674472,"sex.=F"
5.40999315537303,0.970037770216326,127,0,0.950534621011935,0.989941086674472,"sex.=F"
5.41820670773443,0.970037770216326,126,0,0.950534621011935,0.989941086674472,"sex.=F"
5.42915811088296,0.970037770216326,125,0,0.950534621011935,0.989941086674472,"sex.=F"
5.43737166324435,0.970037770216326,124,0,0.950534621011935,0.989941086674472,"sex.=F"
5.44558521560575,0.970037770216326,123,0,0.950534621011935,0.989941086674472,"sex.=F"
5.47296372347707,0.970037770216326,122,0,0.950534621011935,0.989941086674472,"sex.=F"
5.4757015742642,0.970037770216326,121,0,0.950534621011935,0.989941086674472,"sex.=F"
5.52498288843258,0.970037770216326,120,0,0.950534621011935,0.989941086674472,"sex.=F"
5.54962354551677,0.970037770216326,119,0,0.950534621011935,0.989941086674472,"sex.=F"
5.5605749486653,0.970037770216326,118,0,0.950534621011935,0.989941086674472,"sex.=F"
5.57973990417522,0.970037770216326,117,0,0.950534621011935,0.989941086674472,"sex.=F"
5.59890485968515,0.970037770216326,115,0,0.950534621011935,0.989941086674472,"sex.=F"
5.60164271047228,0.970037770216326,114,0,0.950534621011935,0.989941086674472,"sex.=F"
5.6208076659822,0.970037770216326,113,0,0.950534621011935,0.989941086674472,"sex.=F"
5.67556468172485,0.970037770216326,112,0,0.950534621011935,0.989941086674472,"sex.=F"
5.75496235455168,0.970037770216326,111,0,0.950534621011935,0.989941086674472,"sex.=F"
5.75770020533881,0.970037770216326,110,0,0.950534621011935,0.989941086674472,"sex.=F"
5.76043805612594,0.970037770216326,109,0,0.950534621011935,0.989941086674472,"sex.=F"
5.77138945927447,0.970037770216326,108,0,0.950534621011935,0.989941086674472,"sex.=F"
5.79055441478439,0.970037770216326,107,0,0.950534621011935,0.989941086674472,"sex.=F"
5.79603011635866,0.970037770216326,106,0,0.950534621011935,0.989941086674472,"sex.=F"
5.81245722108145,0.970037770216326,105,0,0.950534621011935,0.989941086674472,"sex.=F"
5.86721423682409,0.970037770216326,104,0,0.950534621011935,0.989941086674472,"sex.=F"
5.90554414784394,0.970037770216326,103,0,0.950534621011935,0.989941086674472,"sex.=F"
5.90828199863107,0.970037770216326,102,0,0.950534621011935,0.989941086674472,"sex.=F"
5.91101984941821,0.970037770216326,100,0,0.950534621011935,0.989941086674472,"sex.=F"
5.97125256673511,0.970037770216326,98,0,0.950534621011935,0.989941086674472,"sex.=F"
5.97399041752224,0.970037770216326,97,0,0.950534621011935,0.989941086674472,"sex.=F"
5.98767967145791,0.970037770216326,96,0,0.950534621011935,0.989941086674472,"sex.=F"
5.99863107460643,0.970037770216326,95,0,0.950534621011935,0.989941086674472,"sex.=F"
6.02600958247776,0.970037770216326,94,0,0.950534621011935,0.989941086674472,"sex.=F"
6.03148528405202,0.970037770216326,92,0,0.950534621011935,0.989941086674472,"sex.=F"
6.04791238877481,0.970037770216326,91,0,0.950534621011935,0.989941086674472,"sex.=F"
6.05612594113621,0.970037770216326,90,0,0.950534621011935,0.989941086674472,"sex.=F"
6.10540725530459,0.970037770216326,89,0,0.950534621011935,0.989941086674472,"sex.=F"
6.12731006160164,0.970037770216326,88,0,0.950534621011935,0.989941086674472,"sex.=F"
6.29979466119097,0.970037770216326,87,0,0.950534621011935,0.989941086674472,"sex.=F"
6.34633812457221,0.970037770216326,86,0,0.950534621011935,0.989941086674472,"sex.=F"
6.35181382614647,0.970037770216326,85,0,0.950534621011935,0.989941086674472,"sex.=F"
6.3709787816564,0.970037770216326,84,0,0.950534621011935,0.989941086674472,"sex.=F"
6.39014373716632,0.970037770216326,83,0,0.950534621011935,0.989941086674472,"sex.=F"
6.40930869267625,0.970037770216326,82,0,0.950534621011935,0.989941086674472,"sex.=F"
6.42573579739904,0.970037770216326,81,0,0.950534621011935,0.989941086674472,"sex.=F"
6.46954140999316,0.970037770216326,80,0,0.950534621011935,0.989941086674472,"sex.=F"
6.49144421629021,0.970037770216326,79,0,0.950534621011935,0.989941086674472,"sex.=F"
6.50513347022587,0.970037770216326,78,0,0.950534621011935,0.989941086674472,"sex.=F"
6.51334702258727,0.970037770216326,77,0,0.950534621011935,0.989941086674472,"sex.=F"
6.54346338124572,0.970037770216326,76,0,0.950534621011935,0.989941086674472,"sex.=F"
6.59548254620123,0.970037770216326,75,0,0.950534621011935,0.989941086674472,"sex.=F"
6.6009582477755,0.970037770216326,74,0,0.950534621011935,0.989941086674472,"sex.=F"
6.62286105407255,0.970037770216326,73,0,0.950534621011935,0.989941086674472,"sex.=F"
6.67488021902806,0.970037770216326,72,0,0.950534621011935,0.989941086674472,"sex.=F"
6.69130732375086,0.970037770216326,71,0,0.950534621011935,0.989941086674472,"sex.=F"
6.69678302532512,0.970037770216326,70,0,0.950534621011935,0.989941086674472,"sex.=F"
6.73237508555784,0.970037770216326,69,0,0.950534621011935,0.989941086674472,"sex.=F"
6.78986995208761,0.970037770216326,68,0,0.950534621011935,0.989941086674472,"sex.=F"
6.81177275838467,0.970037770216326,67,0,0.950534621011935,0.989941086674472,"sex.=F"
6.87748117727584,0.970037770216326,66,0,0.950534621011935,0.989941086674472,"sex.=F"
6.91033538672142,0.970037770216326,65,0,0.950534621011935,0.989941086674472,"sex.=F"
6.92950034223135,0.970037770216326,64,0,0.950534621011935,0.989941086674472,"sex.=F"
6.94045174537988,0.970037770216326,63,0,0.950534621011935,0.989941086674472,"sex.=F"
6.94318959616701,0.970037770216326,62,0,0.950534621011935,0.989941086674472,"sex.=F"
7.02258726899384,0.970037770216326,61,0,0.950534621011935,0.989941086674472,"sex.=F"
7.08555783709788,0.970037770216326,60,0,0.950534621011935,0.989941086674472,"sex.=F"
7.12388774811773,0.970037770216326,59,0,0.950534621011935,0.989941086674472,"sex.=F"
7.13483915126626,0.970037770216326,58,0,0.950534621011935,0.989941086674472,"sex.=F"
7.17316906228611,0.970037770216326,57,0,0.950534621011935,0.989941086674472,"sex.=F"
7.27720739219713,0.970037770216326,56,0,0.950534621011935,0.989941086674472,"sex.=F"
7.30732375085558,0.970037770216326,55,0,0.950534621011935,0.989941086674472,"sex.=F"
7.3347022587269,0.970037770216326,54,0,0.950534621011935,0.989941086674472,"sex.=F"
7.4031485284052,0.970037770216326,53,0,0.950534621011935,0.989941086674472,"sex.=F"
7.42778918548939,0.970037770216326,52,0,0.950534621011935,0.989941086674472,"sex.=F"
7.47707049965777,0.970037770216326,51,0,0.950534621011935,0.989941086674472,"sex.=F"
7.52361396303901,0.970037770216326,50,0,0.950534621011935,0.989941086674472,"sex.=F"
7.54004106776181,0.970037770216326,49,0,0.950534621011935,0.989941086674472,"sex.=F"
7.59753593429158,0.970037770216326,48,0,0.950534621011935,0.989941086674472,"sex.=F"
7.65776865160849,0.970037770216326,47,0,0.950534621011935,0.989941086674472,"sex.=F"
7.66050650239562,0.970037770216326,46,0,0.950534621011935,0.989941086674472,"sex.=F"
7.67145790554415,0.970037770216326,45,0,0.950534621011935,0.989941086674472,"sex.=F"
7.6933607118412,0.970037770216326,44,0,0.950534621011935,0.989941086674472,"sex.=F"
7.709787816564,0.970037770216326,43,0,0.950534621011935,0.989941086674472,"sex.=F"
7.82751540041068,0.970037770216326,42,0,0.950534621011935,0.989941086674472,"sex.=F"
7.9233401779603,0.970037770216326,41,0,0.950534621011935,0.989941086674472,"sex.=F"
7.92881587953457,0.970037770216326,40,0,0.950534621011935,0.989941086674472,"sex.=F"
7.96714579055442,0.970037770216326,39,0,0.950534621011935,0.989941086674472,"sex.=F"
7.97262149212868,0.970037770216326,38,0,0.950534621011935,0.989941086674472,"sex.=F"
8.00547570157426,0.970037770216326,37,0,0.950534621011935,0.989941086674472,"sex.=F"
8.01916495550993,0.970037770216326,36,0,0.950534621011935,0.989941086674472,"sex.=F"
8.06570841889117,0.970037770216326,35,0,0.950534621011935,0.989941086674472,"sex.=F"
8.09856262833676,0.970037770216326,34,0,0.950534621011935,0.989941086674472,"sex.=F"
8.11225188227242,0.970037770216326,33,0,0.950534621011935,0.989941086674472,"sex.=F"
8.13689253935661,0.970037770216326,32,0,0.950534621011935,0.989941086674472,"sex.=F"
8.15058179329227,0.970037770216326,31,0,0.950534621011935,0.989941086674472,"sex.=F"
8.15879534565366,0.970037770216326,30,0,0.950534621011935,0.989941086674472,"sex.=F"
8.16427104722793,0.970037770216326,29,0,0.950534621011935,0.989941086674472,"sex.=F"
8.16974674880219,0.970037770216326,28,0,0.950534621011935,0.989941086674472,"sex.=F"
8.21081451060917,0.970037770216326,27,0,0.950534621011935,0.989941086674472,"sex.=F"
8.25188227241615,0.970037770216326,26,0,0.950534621011935,0.989941086674472,"sex.=F"
8.26009582477755,0.970037770216326,25,0,0.950534621011935,0.989941086674472,"sex.=F"
8.26557152635181,0.970037770216326,24,0,0.950534621011935,0.989941086674472,"sex.=F"
8.28473648186174,0.970037770216326,23,0,0.950534621011935,0.989941086674472,"sex.=F"
8.28747433264887,0.970037770216326,22,0,0.950534621011935,0.989941086674472,"sex.=F"
8.34496919917864,0.970037770216326,21,0,0.950534621011935,0.989941086674472,"sex.=F"
8.34770704996578,0.970037770216326,20,0,0.950534621011935,0.989941086674472,"sex.=F"
8.40520191649555,0.970037770216326,19,0,0.950534621011935,0.989941086674472,"sex.=F"
8.41615331964408,0.970037770216326,18,0,0.950534621011935,0.989941086674472,"sex.=F"
8.47364818617385,0.970037770216326,17,0,0.950534621011935,0.989941086674472,"sex.=F"
8.49281314168378,0.970037770216326,16,0,0.950534621011935,0.989941086674472,"sex.=F"
8.60780287474333,0.970037770216326,15,0,0.950534621011935,0.989941086674472,"sex.=F"
8.61327857631759,0.970037770216326,14,0,0.950534621011935,0.989941086674472,"sex.=F"
8.71457905544148,0.970037770216326,13,0,0.950534621011935,0.989941086674472,"sex.=F"
8.72279260780287,0.970037770216326,12,0,0.950534621011935,0.989941086674472,"sex.=F"
8.77207392197125,0.970037770216326,10,0,0.950534621011935,0.989941086674472,"sex.=F"
8.84052019164955,0.970037770216326,9,0,0.950534621011935,0.989941086674472,"sex.=F"
8.87885010266941,0.970037770216326,8,0,0.950534621011935,0.989941086674472,"sex.=F"
8.88432580424367,0.970037770216326,7,0,0.950534621011935,0.989941086674472,"sex.=F"
8.8952772073922,0.970037770216326,6,0,0.950534621011935,0.989941086674472,"sex.=F"
8.91718001368925,0.970037770216326,5,0,0.950534621011935,0.989941086674472,"sex.=F"
8.91991786447639,0.970037770216326,4,0,0.950534621011935,0.989941086674472,"sex.=F"
8.96098562628337,0.970037770216326,3,0,0.950534621011935,0.989941086674472,"sex.=F"
8.98288843258042,0.970037770216326,2,0,0.950534621011935,0.989941086674472,"sex.=F"
8.99110198494182,0.970037770216326,1,0,0.950534621011935,0.989941086674472,"sex.=F"
0,0.994298745724059,877,5,0.989328199140154,0.999294265146467,"sex.=M"
0.0054757015742642,0.994298745724059,872,0,0.989328199140154,0.999294265146467,"sex.=M"
0.0219028062970568,0.994298745724059,871,0,0.989328199140154,0.999294265146467,"sex.=M"
0.0246406570841889,0.993155873602537,870,1,0.987713264872105,0.998628472807783,"sex.=M"
0.0301163586584531,0.993155873602537,869,0,0.987713264872105,0.998628472807783,"sex.=M"
0.0438056125941136,0.993155873602537,868,0,0.987713264872105,0.998628472807783,"sex.=M"
0.0465434633812457,0.993155873602537,867,0,0.987713264872105,0.998628472807783,"sex.=M"
0.0492813141683778,0.993155873602537,866,0,0.987713264872105,0.998628472807783,"sex.=M"
0.0793976728268309,0.993155873602537,865,0,0.987713264872105,0.998628472807783,"sex.=M"
0.0876112251882272,0.993155873602537,864,0,0.987713264872105,0.998628472807783,"sex.=M"
0.0930869267624914,0.992005055672523,863,1,0.986123592585894,0.997921597128942,"sex.=M"
0.106776180698152,0.992005055672523,862,0,0.986123592585894,0.997921597128942,"sex.=M"
0.109514031485284,0.992005055672523,861,0,0.986123592585894,0.997921597128942,"sex.=M"
0.112251882272416,0.992005055672523,860,0,0.986123592585894,0.997921597128942,"sex.=M"
0.123203285420945,0.992005055672523,859,0,0.986123592585894,0.997921597128942,"sex.=M"
0.139630390143737,0.992005055672523,857,0,0.986123592585894,0.997921597128942,"sex.=M"
0.145106091718001,0.992005055672523,856,0,0.986123592585894,0.997921597128942,"sex.=M"
0.161533196440794,0.992005055672523,855,0,0.986123592585894,0.997921597128942,"sex.=M"
0.164271047227926,0.992005055672523,854,0,0.986123592585894,0.997921597128942,"sex.=M"
0.167008898015058,0.992005055672523,853,0,0.986123592585894,0.997921597128942,"sex.=M"
0.186173853524983,0.992005055672523,852,0,0.986123592585894,0.997921597128942,"sex.=M"
0.194387405886379,0.990837990901143,850,1,0.984538131159754,0.997178162166795,"sex.=M"
0.197125256673511,0.990837990901143,849,0,0.984538131159754,0.997178162166795,"sex.=M"
0.205338809034908,0.990837990901143,848,0,0.984538131159754,0.997178162166795,"sex.=M"
0.219028062970568,0.990837990901143,845,0,0.984538131159754,0.997178162166795,"sex.=M"
0.2217659137577,0.990837990901143,843,0,0.984538131159754,0.997178162166795,"sex.=M"
0.224503764544832,0.990837990901143,842,0,0.984538131159754,0.997178162166795,"sex.=M"
0.238193018480493,0.990837990901143,841,0,0.984538131159754,0.997178162166795,"sex.=M"
0.251882272416153,0.990837990901143,840,0,0.984538131159754,0.997178162166795,"sex.=M"
0.254620123203285,0.990837990901143,838,0,0.984538131159754,0.997178162166795,"sex.=M"
0.26009582477755,0.990837990901143,837,0,0.984538131159754,0.997178162166795,"sex.=M"
0.271047227926078,0.990837990901143,836,0,0.984538131159754,0.997178162166795,"sex.=M"
0.27378507871321,0.990837990901143,835,0,0.984538131159754,0.997178162166795,"sex.=M"
0.276522929500342,0.989649935756178,834,1,0.982945051535339,0.996400555465837,"sex.=M"
0.284736481861739,0.989649935756178,833,0,0.982945051535339,0.996400555465837,"sex.=M"
0.290212183436003,0.989649935756178,832,0,0.982945051535339,0.996400555465837,"sex.=M"
0.292950034223135,0.989649935756178,831,0,0.982945051535339,0.996400555465837,"sex.=M"
0.295687885010267,0.989649935756178,830,0,0.982945051535339,0.996400555465837,"sex.=M"
0.31211498973306,0.989649935756178,829,0,0.982945051535339,0.996400555465837,"sex.=M"
0.331279945242984,0.989649935756178,828,0,0.982945051535339,0.996400555465837,"sex.=M"
0.347707049965777,0.989649935756178,826,0,0.982945051535339,0.996400555465837,"sex.=M"
0.355920602327173,0.988448904280746,824,1,0.981355026827705,0.99559406093035,"sex.=M"
0.358658453114305,0.987247872805314,823,1,0.979786350759394,0.994766217760838,"sex.=M"
0.366872005475702,0.987247872805314,821,0,0.979786350759394,0.994766217760838,"sex.=M"
0.386036960985626,0.986043911984819,820,1,0.978231380765769,0.993918837076371,"sex.=M"
0.405201916495551,0.986043911984819,819,0,0.978231380765769,0.993918837076371,"sex.=M"
0.432580424366872,0.986043911984819,817,0,0.978231380765769,0.993918837076371,"sex.=M"
0.449007529089665,0.986043911984819,816,0,0.978231380765769,0.993918837076371,"sex.=M"
0.462696783025325,0.984834042154163,815,1,0.976683334534757,0.99305276980867,"sex.=M"
0.468172484599589,0.984834042154163,814,0,0.976683334534757,0.99305276980867,"sex.=M"
0.470910335386721,0.984834042154163,812,0,0.976683334534757,0.99305276980867,"sex.=M"
0.473648186173854,0.984834042154163,810,0,0.976683334534757,0.99305276980867,"sex.=M"
0.48186173853525,0.984834042154163,807,0,0.976683334534757,0.99305276980867,"sex.=M"
0.487337440109514,0.984834042154163,806,0,0.976683334534757,0.99305276980867,"sex.=M"
0.490075290896646,0.984834042154163,805,0,0.976683334534757,0.99305276980867,"sex.=M"
0.506502395619439,0.984834042154163,804,0,0.976683334534757,0.99305276980867,"sex.=M"
0.509240246406571,0.984834042154163,803,0,0.976683334534757,0.99305276980867,"sex.=M"
0.511978097193703,0.984834042154163,802,0,0.976683334534757,0.99305276980867,"sex.=M"
0.542094455852156,0.984834042154163,801,0,0.976683334534757,0.99305276980867,"sex.=M"
0.544832306639288,0.984834042154163,799,0,0.976683334534757,0.99305276980867,"sex.=M"
0.550308008213552,0.984834042154163,798,0,0.976683334534757,0.99305276980867,"sex.=M"
0.566735112936345,0.984834042154163,797,0,0.976683334534757,0.99305276980867,"sex.=M"
0.580424366872005,0.984834042154163,796,0,0.976683334534757,0.99305276980867,"sex.=M"
0.588637919233402,0.984834042154163,795,0,0.976683334534757,0.99305276980867,"sex.=M"
0.596851471594798,0.984834042154163,794,0,0.976683334534757,0.99305276980867,"sex.=M"
0.59958932238193,0.984834042154163,793,0,0.976683334534757,0.99305276980867,"sex.=M"
0.605065023956194,0.984834042154163,792,0,0.976683334534757,0.99305276980867,"sex.=M"
0.616016427104723,0.984834042154163,791,0,0.976683334534757,0.99305276980867,"sex.=M"
0.621492128678987,0.984834042154163,790,0,0.976683334534757,0.99305276980867,"sex.=M"
0.635181382614648,0.984834042154163,789,0,0.976683334534757,0.99305276980867,"sex.=M"
0.63791923340178,0.984834042154163,788,0,0.976683334534757,0.99305276980867,"sex.=M"
0.654346338124572,0.984834042154163,787,0,0.976683334534757,0.99305276980867,"sex.=M"
0.657084188911704,0.984834042154163,785,0,0.976683334534757,0.99305276980867,"sex.=M"
0.670773442847365,0.984834042154163,784,0,0.976683334534757,0.99305276980867,"sex.=M"
0.676249144421629,0.984834042154163,783,0,0.976683334534757,0.99305276980867,"sex.=M"
0.678986995208761,0.984834042154163,782,0,0.976683334534757,0.99305276980867,"sex.=M"
0.684462696783025,0.984834042154163,781,0,0.976683334534757,0.99305276980867,"sex.=M"
0.700889801505818,0.984834042154163,779,0,0.976683334534757,0.99305276980867,"sex.=M"
0.720054757015743,0.984834042154163,778,0,0.976683334534757,0.99305276980867,"sex.=M"
0.736481861738535,0.983566559474428,777,1,0.975060767889527,0.992146550014788,"sex.=M"
0.741957563312799,0.983566559474428,776,0,0.975060767889527,0.992146550014788,"sex.=M"
0.744695414099932,0.982297441333171,775,1,0.973450996715228,0.991224279913051,"sex.=M"
0.750171115674196,0.982297441333171,774,0,0.973450996715228,0.991224279913051,"sex.=M"
0.75564681724846,0.981026681383192,773,1,0.971852400944571,0.990287566970379,"sex.=M"
0.758384668035592,0.981026681383192,772,0,0.971852400944571,0.990287566970379,"sex.=M"
0.832306639288159,0.981026681383192,771,0,0.971852400944571,0.990287566970379,"sex.=M"
0.837782340862423,0.979750963982174,769,1,0.970258682892753,0.989336110409333,"sex.=M"
0.851471594798084,0.979750963982174,767,0,0.970258682892753,0.989336110409333,"sex.=M"
0.867898699520876,0.979750963982174,766,0,0.970258682892753,0.989336110409333,"sex.=M"
0.876112251882272,0.979750963982174,765,0,0.970258682892753,0.989336110409333,"sex.=M"
0.887063655030801,0.979750963982174,764,0,0.970258682892753,0.989336110409333,"sex.=M"
0.908966461327858,0.978466886703036,763,1,0.968663834685864,0.988369147367636,"sex.=M"
0.928131416837782,0.978466886703036,762,0,0.968663834685864,0.988369147367636,"sex.=M"
0.933607118412047,0.978466886703036,761,0,0.968663834685864,0.988369147367636,"sex.=M"
0.944558521560575,0.977179430273164,760,1,0.967074516806335,0.987389929477594,"sex.=M"
0.947296372347707,0.977179430273164,757,0,0.967074516806335,0.987389929477594,"sex.=M"
0.960985626283368,0.977179430273164,753,0,0.967074516806335,0.987389929477594,"sex.=M"
0.982888432580424,0.977179430273164,752,0,0.967074516806335,0.987389929477594,"sex.=M"
0.985626283367556,0.977179430273164,751,0,0.967074516806335,0.987389929477594,"sex.=M"
0.988364134154689,0.977179430273164,749,0,0.967074516806335,0.987389929477594,"sex.=M"
0.991101984941821,0.977179430273164,748,0,0.967074516806335,0.987389929477594,"sex.=M"
1.01848049281314,0.977179430273164,746,0,0.967074516806335,0.987389929477594,"sex.=M"
1.02121834360027,0.977179430273164,745,0,0.967074516806335,0.987389929477594,"sex.=M"
1.02395619438741,0.977179430273164,744,0,0.967074516806335,0.987389929477594,"sex.=M"
1.03764544832307,0.977179430273164,743,0,0.967074516806335,0.987389929477594,"sex.=M"
1.06502395619439,0.977179430273164,742,0,0.967074516806335,0.987389929477594,"sex.=M"
1.06776180698152,0.977179430273164,741,0,0.967074516806335,0.987389929477594,"sex.=M"
1.07871321013005,0.977179430273164,740,0,0.967074516806335,0.987389929477594,"sex.=M"
1.08418891170431,0.977179430273164,739,0,0.967074516806335,0.987389929477594,"sex.=M"
1.09787816563997,0.977179430273164,738,0,0.967074516806335,0.987389929477594,"sex.=M"
1.11430527036277,0.977179430273164,736,0,0.967074516806335,0.987389929477594,"sex.=M"
1.12251882272416,0.977179430273164,735,0,0.967074516806335,0.987389929477594,"sex.=M"
1.12525667351129,0.977179430273164,734,0,0.967074516806335,0.987389929477594,"sex.=M"
1.13347022587269,0.977179430273164,733,0,0.967074516806335,0.987389929477594,"sex.=M"
1.13620807665982,0.977179430273164,732,0,0.967074516806335,0.987389929477594,"sex.=M"
1.14168377823409,0.977179430273164,731,0,0.967074516806335,0.987389929477594,"sex.=M"
1.14442162902122,0.975840828313885,730,1,0.965419908671831,0.986374233274722,"sex.=M"
1.19096509240246,0.975840828313885,728,0,0.965419908671831,0.986374233274722,"sex.=M"
1.21013004791239,0.975840828313885,727,0,0.965419908671831,0.986374233274722,"sex.=M"
1.21834360027379,0.975840828313885,726,0,0.965419908671831,0.986374233274722,"sex.=M"
1.22929500342231,0.975840828313885,725,0,0.965419908671831,0.986374233274722,"sex.=M"
1.23203285420945,0.975840828313885,724,0,0.965419908671831,0.986374233274722,"sex.=M"
1.25941136208077,0.975840828313885,723,0,0.965419908671831,0.986374233274722,"sex.=M"
1.27583846680356,0.975840828313885,722,0,0.965419908671831,0.986374233274722,"sex.=M"
1.27857631759069,0.975840828313885,721,0,0.965419908671831,0.986374233274722,"sex.=M"
1.28952772073922,0.975840828313885,720,0,0.965419908671831,0.986374233274722,"sex.=M"
1.29226557152635,0.975840828313885,719,0,0.965419908671831,0.986374233274722,"sex.=M"
1.29500342231348,0.975840828313885,718,0,0.965419908671831,0.986374233274722,"sex.=M"
1.30595482546201,0.975840828313885,717,0,0.965419908671831,0.986374233274722,"sex.=M"
1.33607118412047,0.975840828313885,715,0,0.965419908671831,0.986374233274722,"sex.=M"
1.34976043805613,0.975840828313885,714,0,0.965419908671831,0.986374233274722,"sex.=M"
1.35249828884326,0.975840828313885,712,0,0.965419908671831,0.986374233274722,"sex.=M"
1.36344969199179,0.975840828313885,711,0,0.965419908671831,0.986374233274722,"sex.=M"
1.36618754277892,0.975840828313885,710,0,0.965419908671831,0.986374233274722,"sex.=M"
1.36892539356605,0.975840828313885,709,0,0.965419908671831,0.986374233274722,"sex.=M"
1.37166324435318,0.975840828313885,708,0,0.965419908671831,0.986374233274722,"sex.=M"
1.39082819986311,0.975840828313885,707,0,0.965419908671831,0.986374233274722,"sex.=M"
1.40177960301164,0.975840828313885,706,0,0.965419908671831,0.986374233274722,"sex.=M"
1.40451745379877,0.975840828313885,705,0,0.965419908671831,0.986374233274722,"sex.=M"
1.42094455852156,0.975840828313885,704,0,0.965419908671831,0.986374233274722,"sex.=M"
1.42368240930869,0.975840828313885,703,0,0.965419908671831,0.986374233274722,"sex.=M"
1.43189596167009,0.975840828313885,702,0,0.965419908671831,0.986374233274722,"sex.=M"
1.44284736481862,0.975840828313885,701,0,0.965419908671831,0.986374233274722,"sex.=M"
1.44558521560575,0.975840828313885,700,0,0.965419908671831,0.986374233274722,"sex.=M"
1.45653661875428,0.975840828313885,699,0,0.965419908671831,0.986374233274722,"sex.=M"
1.45927446954141,0.975840828313885,698,0,0.965419908671831,0.986374233274722,"sex.=M"
1.47843942505133,0.975840828313885,697,0,0.965419908671831,0.986374233274722,"sex.=M"
1.48117727583847,0.975840828313885,696,0,0.965419908671831,0.986374233274722,"sex.=M"
1.49486652977413,0.975840828313885,695,0,0.965419908671831,0.986374233274722,"sex.=M"
1.50581793292266,0.975840828313885,694,0,0.965419908671831,0.986374233274722,"sex.=M"
1.51403148528405,0.974432688590489,693,1,0.963673278050517,0.985312227931169,"sex.=M"
1.51676933607118,0.974432688590489,692,0,0.963673278050517,0.985312227931169,"sex.=M"
1.51950718685832,0.974432688590489,691,0,0.963673278050517,0.985312227931169,"sex.=M"
1.53045859000684,0.974432688590489,690,0,0.963673278050517,0.985312227931169,"sex.=M"
1.53593429158111,0.974432688590489,689,0,0.963673278050517,0.985312227931169,"sex.=M"
1.53867214236824,0.974432688590489,688,0,0.963673278050517,0.985312227931169,"sex.=M"
1.54140999315537,0.974432688590489,687,0,0.963673278050517,0.985312227931169,"sex.=M"
1.5523613963039,0.974432688590489,686,0,0.963673278050517,0.985312227931169,"sex.=M"
1.5605749486653,0.974432688590489,685,0,0.963673278050517,0.985312227931169,"sex.=M"
1.57426420260096,0.974432688590489,683,0,0.963673278050517,0.985312227931169,"sex.=M"
1.57700205338809,0.974432688590489,682,0,0.963673278050517,0.985312227931169,"sex.=M"
1.58521560574949,0.974432688590489,680,0,0.963673278050517,0.985312227931169,"sex.=M"
1.59616700889802,0.974432688590489,678,0,0.963673278050517,0.985312227931169,"sex.=M"
1.60164271047228,0.974432688590489,677,0,0.963673278050517,0.985312227931169,"sex.=M"
1.60438056125941,0.974432688590489,675,0,0.963673278050517,0.985312227931169,"sex.=M"
1.61533196440794,0.974432688590489,674,0,0.963673278050517,0.985312227931169,"sex.=M"
1.6290212183436,0.972982639946753,672,1,0.961876317535063,0.984217201712363,"sex.=M"
1.637234770705,0.972982639946753,671,0,0.961876317535063,0.984217201712363,"sex.=M"
1.65913757700205,0.972982639946753,670,0,0.961876317535063,0.984217201712363,"sex.=M"
1.67282683093771,0.972982639946753,669,0,0.961876317535063,0.984217201712363,"sex.=M"
1.67556468172485,0.972982639946753,668,0,0.961876317535063,0.984217201712363,"sex.=M"
1.69199178644764,0.972982639946753,667,0,0.961876317535063,0.984217201712363,"sex.=M"
1.6974674880219,0.972982639946753,666,0,0.961876317535063,0.984217201712363,"sex.=M"
1.7138945927447,0.972982639946753,665,0,0.961876317535063,0.984217201712363,"sex.=M"
1.71937029431896,0.972982639946753,663,0,0.961876317535063,0.984217201712363,"sex.=M"
1.72758384668036,0.972982639946753,662,0,0.961876317535063,0.984217201712363,"sex.=M"
1.73032169746749,0.972982639946753,661,0,0.961876317535063,0.984217201712363,"sex.=M"
1.73579739904175,0.971506186775362,659,1,0.960052252587204,0.983096772492676,"sex.=M"
1.75222450376454,0.971506186775362,658,0,0.960052252587204,0.983096772492676,"sex.=M"
1.75496235455168,0.971506186775362,657,0,0.960052252587204,0.983096772492676,"sex.=M"
1.77960301163587,0.971506186775362,656,0,0.960052252587204,0.983096772492676,"sex.=M"
1.79603011635866,0.971506186775362,655,0,0.960052252587204,0.983096772492676,"sex.=M"
1.80698151950719,0.971506186775362,654,0,0.960052252587204,0.983096772492676,"sex.=M"
1.81245722108145,0.971506186775362,652,0,0.960052252587204,0.983096772492676,"sex.=M"
1.82614647501711,0.971506186775362,651,0,0.960052252587204,0.983096772492676,"sex.=M"
1.84804928131417,0.971506186775362,650,0,0.960052252587204,0.983096772492676,"sex.=M"
1.85352498288843,0.971506186775362,649,0,0.960052252587204,0.983096772492676,"sex.=M"
1.86173853524983,0.971506186775362,648,0,0.960052252587204,0.983096772492676,"sex.=M"
1.86447638603696,0.971506186775362,647,0,0.960052252587204,0.983096772492676,"sex.=M"
1.88090349075975,0.971506186775362,646,0,0.960052252587204,0.983096772492676,"sex.=M"
1.88364134154689,0.971506186775362,645,0,0.960052252587204,0.983096772492676,"sex.=M"
1.88911704312115,0.969997636795897,644,1,0.958192651672258,0.981948059972652,"sex.=M"
1.90006844626968,0.969997636795897,643,0,0.958192651672258,0.981948059972652,"sex.=M"
1.91649555099247,0.969997636795897,642,0,0.958192651672258,0.981948059972652,"sex.=M"
1.9192334017796,0.969997636795897,641,0,0.958192651672258,0.981948059972652,"sex.=M"
1.92470910335387,0.969997636795897,640,0,0.958192651672258,0.981948059972652,"sex.=M"
1.927446954141,0.969997636795897,639,0,0.958192651672258,0.981948059972652,"sex.=M"
1.9356605065024,0.969997636795897,638,0,0.958192651672258,0.981948059972652,"sex.=M"
1.93839835728953,0.969997636795897,637,0,0.958192651672258,0.981948059972652,"sex.=M"
1.94113620807666,0.969997636795897,636,0,0.958192651672258,0.981948059972652,"sex.=M"
1.96303901437372,0.969997636795897,635,0,0.958192651672258,0.981948059972652,"sex.=M"
1.97946611909651,0.969997636795897,634,0,0.958192651672258,0.981948059972652,"sex.=M"
1.98767967145791,0.969997636795897,633,0,0.958192651672258,0.981948059972652,"sex.=M"
1.99863107460643,0.969997636795897,632,0,0.958192651672258,0.981948059972652,"sex.=M"
2.0041067761807,0.969997636795897,631,0,0.958192651672258,0.981948059972652,"sex.=M"
2.01779603011636,0.969997636795897,630,0,0.958192651672258,0.981948059972652,"sex.=M"
2.03696098562628,0.969997636795897,629,0,0.958192651672258,0.981948059972652,"sex.=M"
2.05612594113621,0.969997636795897,628,0,0.958192651672258,0.981948059972652,"sex.=M"
2.05886379192334,0.969997636795897,627,0,0.958192651672258,0.981948059972652,"sex.=M"
2.06160164271047,0.969997636795897,626,0,0.958192651672258,0.981948059972652,"sex.=M"
2.09171800136893,0.969997636795897,625,0,0.958192651672258,0.981948059972652,"sex.=M"
2.09993155373032,0.969997636795897,624,0,0.958192651672258,0.981948059972652,"sex.=M"
2.10266940451745,0.969997636795897,622,0,0.958192651672258,0.981948059972652,"sex.=M"
2.11088295687885,0.969997636795897,621,0,0.958192651672258,0.981948059972652,"sex.=M"
2.12183436002738,0.969997636795897,620,0,0.958192651672258,0.981948059972652,"sex.=M"
2.12731006160164,0.969997636795897,619,0,0.958192651672258,0.981948059972652,"sex.=M"
2.13004791238877,0.969997636795897,618,0,0.958192651672258,0.981948059972652,"sex.=M"
2.15468856947296,0.969997636795897,617,0,0.958192651672258,0.981948059972652,"sex.=M"
2.1574264202601,0.969997636795897,616,0,0.958192651672258,0.981948059972652,"sex.=M"
2.17111567419576,0.969997636795897,615,0,0.958192651672258,0.981948059972652,"sex.=M"
2.17385352498289,0.969997636795897,614,0,0.958192651672258,0.981948059972652,"sex.=M"
2.18480492813142,0.969997636795897,613,0,0.958192651672258,0.981948059972652,"sex.=M"
2.18754277891855,0.969997636795897,612,0,0.958192651672258,0.981948059972652,"sex.=M"
2.20944558521561,0.969997636795897,611,0,0.958192651672258,0.981948059972652,"sex.=M"
2.22313483915127,0.969997636795897,610,0,0.958192651672258,0.981948059972652,"sex.=M"
2.2258726899384,0.969997636795897,609,0,0.958192651672258,0.981948059972652,"sex.=M"
2.23682409308693,0.969997636795897,608,0,0.958192651672258,0.981948059972652,"sex.=M"
2.25051334702259,0.969997636795897,607,0,0.958192651672258,0.981948059972652,"sex.=M"
2.25872689938398,0.969997636795897,606,0,0.958192651672258,0.981948059972652,"sex.=M"
2.26420260095825,0.969997636795897,605,0,0.958192651672258,0.981948059972652,"sex.=M"
2.28062970568104,0.968389017166053,603,1,0.956197377901081,0.980736101396052,"sex.=M"
2.2861054072553,0.968389017166053,602,0,0.956197377901081,0.980736101396052,"sex.=M"
2.30800821355236,0.968389017166053,601,0,0.956197377901081,0.980736101396052,"sex.=M"
2.32169746748802,0.968389017166053,600,0,0.956197377901081,0.980736101396052,"sex.=M"
2.32443531827515,0.968389017166053,599,0,0.956197377901081,0.980736101396052,"sex.=M"
2.32717316906229,0.968389017166053,598,0,0.956197377901081,0.980736101396052,"sex.=M"
2.33264887063655,0.968389017166053,597,0,0.956197377901081,0.980736101396052,"sex.=M"
2.3709787816564,0.968389017166053,596,0,0.956197377901081,0.980736101396052,"sex.=M"
2.38740588637919,0.968389017166053,595,0,0.956197377901081,0.980736101396052,"sex.=M"
2.40383299110198,0.968389017166053,594,0,0.956197377901081,0.980736101396052,"sex.=M"
2.46406570841889,0.968389017166053,593,0,0.956197377901081,0.980736101396052,"sex.=M"
2.46680355920602,0.968389017166053,592,0,0.956197377901081,0.980736101396052,"sex.=M"
2.47775496235455,0.968389017166053,591,0,0.956197377901081,0.980736101396052,"sex.=M"
2.50513347022587,0.968389017166053,590,0,0.956197377901081,0.980736101396052,"sex.=M"
2.51060917180014,0.968389017166053,589,0,0.956197377901081,0.980736101396052,"sex.=M"
2.51882272416153,0.968389017166053,588,0,0.956197377901081,0.980736101396052,"sex.=M"
2.52156057494867,0.968389017166053,587,0,0.956197377901081,0.980736101396052,"sex.=M"
2.53251197809719,0.968389017166053,586,0,0.956197377901081,0.980736101396052,"sex.=M"
2.55441478439425,0.968389017166053,585,0,0.956197377901081,0.980736101396052,"sex.=M"
2.56262833675565,0.968389017166053,584,0,0.956197377901081,0.980736101396052,"sex.=M"
2.59000684462697,0.968389017166053,582,0,0.956197377901081,0.980736101396052,"sex.=M"
2.6009582477755,0.968389017166053,581,0,0.956197377901081,0.980736101396052,"sex.=M"
2.60917180013689,0.968389017166053,580,0,0.956197377901081,0.980736101396052,"sex.=M"
2.61464750171116,0.968389017166053,578,0,0.956197377901081,0.980736101396052,"sex.=M"
2.62559890485969,0.968389017166053,577,0,0.956197377901081,0.980736101396052,"sex.=M"
2.62833675564682,0.966707786233473,576,1,0.954108103089134,0.979473857248142,"sex.=M"
2.63107460643395,0.966707786233473,575,0,0.954108103089134,0.979473857248142,"sex.=M"
2.63381245722108,0.966707786233473,574,0,0.954108103089134,0.979473857248142,"sex.=M"
2.63655030800821,0.966707786233473,573,0,0.954108103089134,0.979473857248142,"sex.=M"
2.64202600958248,0.966707786233473,572,0,0.954108103089134,0.979473857248142,"sex.=M"
2.6776180698152,0.966707786233473,571,0,0.954108103089134,0.979473857248142,"sex.=M"
2.69678302532512,0.966707786233473,570,0,0.954108103089134,0.979473857248142,"sex.=M"
2.70773442847365,0.966707786233473,569,0,0.954108103089134,0.979473857248142,"sex.=M"
2.72689938398357,0.966707786233473,568,0,0.954108103089134,0.979473857248142,"sex.=M"
2.73237508555784,0.966707786233473,567,0,0.954108103089134,0.979473857248142,"sex.=M"
2.80082135523614,0.966707786233473,566,0,0.954108103089134,0.979473857248142,"sex.=M"
2.8062970568104,0.966707786233473,565,0,0.954108103089134,0.979473857248142,"sex.=M"
2.8227241615332,0.966707786233473,564,0,0.954108103089134,0.979473857248142,"sex.=M"
2.83915126625599,0.966707786233473,563,0,0.954108103089134,0.979473857248142,"sex.=M"
2.8829568788501,0.966707786233473,562,0,0.954108103089134,0.979473857248142,"sex.=M"
2.88843258042437,0.966707786233473,561,0,0.954108103089134,0.979473857248142,"sex.=M"
2.90485968514716,0.966707786233473,560,0,0.954108103089134,0.979473857248142,"sex.=M"
2.93771389459274,0.966707786233473,559,0,0.954108103089134,0.979473857248142,"sex.=M"
2.94318959616701,0.966707786233473,558,0,0.954108103089134,0.979473857248142,"sex.=M"
2.95687885010267,0.966707786233473,557,0,0.954108103089134,0.979473857248142,"sex.=M"
2.98151950718686,0.966707786233473,553,0,0.954108103089134,0.979473857248142,"sex.=M"
2.98425735797399,0.966707786233473,552,0,0.954108103089134,0.979473857248142,"sex.=M"
3.01163586584531,0.966707786233473,551,0,0.954108103089134,0.979473857248142,"sex.=M"
3.01437371663244,0.966707786233473,550,0,0.954108103089134,0.979473857248142,"sex.=M"
3.04175222450376,0.966707786233473,549,0,0.954108103089134,0.979473857248142,"sex.=M"
3.04722792607803,0.966707786233473,548,0,0.954108103089134,0.979473857248142,"sex.=M"
3.04996577686516,0.966707786233473,547,0,0.954108103089134,0.979473857248142,"sex.=M"
3.05270362765229,0.966707786233473,546,0,0.954108103089134,0.979473857248142,"sex.=M"
3.05544147843943,0.966707786233473,545,0,0.954108103089134,0.979473857248142,"sex.=M"
3.06091718001369,0.966707786233473,544,0,0.954108103089134,0.979473857248142,"sex.=M"
3.06365503080082,0.964927477234885,543,1,0.951886012971693,0.978147618133525,"sex.=M"
3.07186858316222,0.964927477234885,542,0,0.951886012971693,0.978147618133525,"sex.=M"
3.09650924024641,0.964927477234885,541,0,0.951886012971693,0.978147618133525,"sex.=M"
3.12936344969199,0.964927477234885,540,0,0.951886012971693,0.978147618133525,"sex.=M"
3.13210130047912,0.964927477234885,539,0,0.951886012971693,0.978147618133525,"sex.=M"
3.15400410677618,0.964927477234885,538,0,0.951886012971693,0.978147618133525,"sex.=M"
3.16221765913758,0.963130591802417,537,1,0.949655700996352,0.976796681041814,"sex.=M"
3.16769336071184,0.963130591802417,536,0,0.949655700996352,0.976796681041814,"sex.=M"
3.18412046543463,0.963130591802417,535,0,0.949655700996352,0.976796681041814,"sex.=M"
3.20328542094456,0.963130591802417,533,0,0.949655700996352,0.976796681041814,"sex.=M"
3.20876112251882,0.963130591802417,532,0,0.949655700996352,0.976796681041814,"sex.=M"
3.21971252566735,0.963130591802417,531,0,0.949655700996352,0.976796681041814,"sex.=M"
3.22245037645448,0.963130591802417,530,0,0.949655700996352,0.976796681041814,"sex.=M"
3.22792607802875,0.963130591802417,529,0,0.949655700996352,0.976796681041814,"sex.=M"
3.24161533196441,0.963130591802417,528,0,0.949655700996352,0.976796681041814,"sex.=M"
3.25256673511294,0.963130591802417,527,0,0.949655700996352,0.976796681041814,"sex.=M"
3.26351813826146,0.963130591802417,526,0,0.949655700996352,0.976796681041814,"sex.=M"
3.27173169062286,0.963130591802417,525,0,0.949655700996352,0.976796681041814,"sex.=M"
3.28542094455852,0.963130591802417,524,0,0.949655700996352,0.976796681041814,"sex.=M"
3.29089664613279,0.963130591802417,523,0,0.949655700996352,0.976796681041814,"sex.=M"
3.30184804928131,0.963130591802417,521,0,0.949655700996352,0.976796681041814,"sex.=M"
3.31006160164271,0.963130591802417,519,0,0.949655700996352,0.976796681041814,"sex.=M"
3.3264887063655,0.963130591802417,518,0,0.949655700996352,0.976796681041814,"sex.=M"
3.35386721423682,0.963130591802417,517,0,0.949655700996352,0.976796681041814,"sex.=M"
3.35660506502396,0.963130591802417,516,0,0.949655700996352,0.976796681041814,"sex.=M"
3.35934291581109,0.963130591802417,515,0,0.949655700996352,0.976796681041814,"sex.=M"
3.36481861738535,0.963130591802417,514,0,0.949655700996352,0.976796681041814,"sex.=M"
3.38124572210815,0.963130591802417,512,0,0.949655700996352,0.976796681041814,"sex.=M"
3.38672142368241,0.963130591802417,511,0,0.949655700996352,0.976796681041814,"sex.=M"
3.39493497604381,0.963130591802417,510,0,0.949655700996352,0.976796681041814,"sex.=M"
3.40041067761807,0.963130591802417,508,0,0.949655700996352,0.976796681041814,"sex.=M"
3.41409993155373,0.963130591802417,507,0,0.949655700996352,0.976796681041814,"sex.=M"
3.41683778234086,0.961223402511719,505,1,0.947276986841416,0.97537514620408,"sex.=M"
3.41957563312799,0.961223402511719,503,0,0.947276986841416,0.97537514620408,"sex.=M"
3.42231348391513,0.961223402511719,502,0,0.947276986841416,0.97537514620408,"sex.=M"
3.43326488706365,0.961223402511719,501,0,0.947276986841416,0.97537514620408,"sex.=M"
3.45516769336071,0.961223402511719,500,0,0.947276986841416,0.97537514620408,"sex.=M"
3.46064339493498,0.961223402511719,498,0,0.947276986841416,0.97537514620408,"sex.=M"
3.46338124572211,0.961223402511719,496,0,0.947276986841416,0.97537514620408,"sex.=M"
3.47433264887064,0.961223402511719,494,0,0.947276986841416,0.97537514620408,"sex.=M"
3.47707049965777,0.961223402511719,493,0,0.947276986841416,0.97537514620408,"sex.=M"
3.48254620123203,0.961223402511719,492,0,0.947276986841416,0.97537514620408,"sex.=M"
3.49349760438056,0.961223402511719,491,0,0.947276986841416,0.97537514620408,"sex.=M"
3.49623545516769,0.961223402511719,490,0,0.947276986841416,0.97537514620408,"sex.=M"
3.51540041067762,0.961223402511719,489,0,0.947276986841416,0.97537514620408,"sex.=M"
3.51813826146475,0.961223402511719,488,0,0.947276986841416,0.97537514620408,"sex.=M"
3.52908966461328,0.961223402511719,487,0,0.947276986841416,0.97537514620408,"sex.=M"
3.53730321697467,0.961223402511719,484,0,0.947276986841416,0.97537514620408,"sex.=M"
3.56741957563313,0.961223402511719,483,0,0.947276986841416,0.97537514620408,"sex.=M"
3.57563312799452,0.961223402511719,482,0,0.947276986841416,0.97537514620408,"sex.=M"
3.58932238193018,0.961223402511719,481,0,0.947276986841416,0.97537514620408,"sex.=M"
3.59479808350445,0.961223402511719,480,0,0.947276986841416,0.97537514620408,"sex.=M"
3.60574948665298,0.961223402511719,479,0,0.947276986841416,0.97537514620408,"sex.=M"
3.61396303901437,0.961223402511719,478,0,0.947276986841416,0.97537514620408,"sex.=M"
3.61670088980151,0.961223402511719,477,0,0.947276986841416,0.97537514620408,"sex.=M"
3.64955509924709,0.961223402511719,476,0,0.947276986841416,0.97537514620408,"sex.=M"
3.66050650239562,0.961223402511719,475,0,0.947276986841416,0.97537514620408,"sex.=M"
3.66324435318275,0.961223402511719,474,0,0.947276986841416,0.97537514620408,"sex.=M"
3.66598220396988,0.961223402511719,473,0,0.947276986841416,0.97537514620408,"sex.=M"
3.68240930869268,0.961223402511719,472,0,0.947276986841416,0.97537514620408,"sex.=M"
3.68514715947981,0.961223402511719,471,0,0.947276986841416,0.97537514620408,"sex.=M"
3.73169062286105,0.961223402511719,470,0,0.947276986841416,0.97537514620408,"sex.=M"
3.73442847364819,0.959173885662014,469,1,0.944702545446121,0.97386690378981,"sex.=M"
3.75906913073237,0.959173885662014,468,0,0.944702545446121,0.97386690378981,"sex.=M"
3.76180698151951,0.959173885662014,467,0,0.944702545446121,0.97386690378981,"sex.=M"
3.79192334017796,0.959173885662014,465,0,0.944702545446121,0.97386690378981,"sex.=M"
3.79739904175222,0.959173885662014,464,0,0.944702545446121,0.97386690378981,"sex.=M"
3.80013689253936,0.959173885662014,463,0,0.944702545446121,0.97386690378981,"sex.=M"
3.82203969883641,0.959173885662014,462,0,0.944702545446121,0.97386690378981,"sex.=M"
3.83025325119781,0.957093248166001,461,1,0.942102423439824,0.972322608342656,"sex.=M"
3.83572895277207,0.957093248166001,460,0,0.942102423439824,0.972322608342656,"sex.=M"
3.854893908282,0.957093248166001,458,0,0.942102423439824,0.972322608342656,"sex.=M"
3.85763175906913,0.957093248166001,457,0,0.942102423439824,0.972322608342656,"sex.=M"
3.86310746064339,0.957093248166001,456,0,0.942102423439824,0.972322608342656,"sex.=M"
3.86584531143053,0.957093248166001,455,0,0.942102423439824,0.972322608342656,"sex.=M"
3.88227241615332,0.957093248166001,453,0,0.942102423439824,0.972322608342656,"sex.=M"
3.89048596851472,0.957093248166001,452,0,0.942102423439824,0.972322608342656,"sex.=M"
3.91786447638604,0.957093248166001,451,0,0.942102423439824,0.972322608342656,"sex.=M"
3.9315537303217,0.957093248166001,450,0,0.942102423439824,0.972322608342656,"sex.=M"
3.93429158110883,0.957093248166001,449,0,0.942102423439824,0.972322608342656,"sex.=M"
3.95619438740589,0.957093248166001,448,0,0.942102423439824,0.972322608342656,"sex.=M"
4.00547570157426,0.957093248166001,447,0,0.942102423439824,0.972322608342656,"sex.=M"
4.0082135523614,0.957093248166001,446,0,0.942102423439824,0.972322608342656,"sex.=M"
4.01916495550992,0.957093248166001,444,0,0.942102423439824,0.972322608342656,"sex.=M"
4.03011635865845,0.957093248166001,443,0,0.942102423439824,0.972322608342656,"sex.=M"
4.03285420944558,0.957093248166001,442,0,0.942102423439824,0.972322608342656,"sex.=M"
4.03832991101985,0.957093248166001,441,0,0.942102423439824,0.972322608342656,"sex.=M"
4.05201916495551,0.957093248166001,439,0,0.942102423439824,0.972322608342656,"sex.=M"
4.07118412046543,0.957093248166001,438,0,0.942102423439824,0.972322608342656,"sex.=M"
4.0766598220397,0.957093248166001,437,0,0.942102423439824,0.972322608342656,"sex.=M"
4.09034907597536,0.954893033802401,435,1,0.93934299536513,0.970700490133449,"sex.=M"
4.09308692676249,0.954893033802401,433,0,0.93934299536513,0.970700490133449,"sex.=M"
4.10677618069815,0.954893033802401,431,0,0.93934299536513,0.970700490133449,"sex.=M"
4.10951403148528,0.954893033802401,430,0,0.93934299536513,0.970700490133449,"sex.=M"
4.11225188227242,0.954893033802401,429,0,0.93934299536513,0.970700490133449,"sex.=M"
4.12594113620808,0.954893033802401,428,0,0.93934299536513,0.970700490133449,"sex.=M"
4.16153319644079,0.954893033802401,427,0,0.93934299536513,0.970700490133449,"sex.=M"
4.16700889801506,0.954893033802401,426,0,0.93934299536513,0.970700490133449,"sex.=M"
4.17248459958932,0.954893033802401,424,0,0.93934299536513,0.970700490133449,"sex.=M"
4.18343600273785,0.954893033802401,423,0,0.93934299536513,0.970700490133449,"sex.=M"
4.19164955509925,0.954893033802401,422,0,0.93934299536513,0.970700490133449,"sex.=M"
4.22450376454483,0.954893033802401,421,0,0.93934299536513,0.970700490133449,"sex.=M"
4.2299794661191,0.954893033802401,420,0,0.93934299536513,0.970700490133449,"sex.=M"
4.24093086926762,0.954893033802401,419,0,0.93934299536513,0.970700490133449,"sex.=M"
4.27378507871321,0.954893033802401,418,0,0.93934299536513,0.970700490133449,"sex.=M"
4.27652292950034,0.954893033802401,417,0,0.93934299536513,0.970700490133449,"sex.=M"
4.27926078028747,0.954893033802401,416,0,0.93934299536513,0.970700490133449,"sex.=M"
4.28199863107461,0.954893033802401,415,0,0.93934299536513,0.970700490133449,"sex.=M"
4.29568788501027,0.954893033802401,414,0,0.93934299536513,0.970700490133449,"sex.=M"
4.30937713894593,0.954893033802401,412,0,0.93934299536513,0.970700490133449,"sex.=M"
4.32032854209446,0.954893033802401,411,0,0.93934299536513,0.970700490133449,"sex.=M"
4.33949349760438,0.954893033802401,410,0,0.93934299536513,0.970700490133449,"sex.=M"
4.34770704996578,0.954893033802401,409,0,0.93934299536513,0.970700490133449,"sex.=M"
4.35592060232717,0.954893033802401,408,0,0.93934299536513,0.970700490133449,"sex.=M"
4.36413415468857,0.954893033802401,406,0,0.93934299536513,0.970700490133449,"sex.=M"
4.37234770704997,0.954893033802401,405,0,0.93934299536513,0.970700490133449,"sex.=M"
4.38329911019849,0.954893033802401,404,0,0.93934299536513,0.970700490133449,"sex.=M"
4.38877481177276,0.954893033802401,403,0,0.93934299536513,0.970700490133449,"sex.=M"
4.39151266255989,0.954893033802401,401,0,0.93934299536513,0.970700490133449,"sex.=M"
4.39425051334702,0.954893033802401,400,0,0.93934299536513,0.970700490133449,"sex.=M"
4.40246406570842,0.954893033802401,398,0,0.93934299536513,0.970700490133449,"sex.=M"
4.41067761806982,0.954893033802401,397,0,0.93934299536513,0.970700490133449,"sex.=M"
4.42162902121834,0.954893033802401,396,0,0.93934299536513,0.970700490133449,"sex.=M"
4.43258042436687,0.954893033802401,395,0,0.93934299536513,0.970700490133449,"sex.=M"
4.435318275154,0.954893033802401,394,0,0.93934299536513,0.970700490133449,"sex.=M"
4.44079397672827,0.954893033802401,393,0,0.93934299536513,0.970700490133449,"sex.=M"
4.47364818617385,0.954893033802401,392,0,0.93934299536513,0.970700490133449,"sex.=M"
4.47638603696099,0.954893033802401,388,0,0.93934299536513,0.970700490133449,"sex.=M"
4.47912388774812,0.954893033802401,387,0,0.93934299536513,0.970700490133449,"sex.=M"
4.48186173853525,0.954893033802401,386,0,0.93934299536513,0.970700490133449,"sex.=M"
4.50102669404517,0.954893033802401,385,0,0.93934299536513,0.970700490133449,"sex.=M"
4.50376454483231,0.954893033802401,384,0,0.93934299536513,0.970700490133449,"sex.=M"
4.50650239561944,0.954893033802401,382,0,0.93934299536513,0.970700490133449,"sex.=M"
4.54209445585216,0.954893033802401,381,0,0.93934299536513,0.970700490133449,"sex.=M"
4.56125941136208,0.954893033802401,380,0,0.93934299536513,0.970700490133449,"sex.=M"
4.58590006844627,0.954893033802401,379,0,0.93934299536513,0.970700490133449,"sex.=M"
4.59137577002053,0.954893033802401,378,0,0.93934299536513,0.970700490133449,"sex.=M"
4.59411362080767,0.954893033802401,376,0,0.93934299536513,0.970700490133449,"sex.=M"
4.61327857631759,0.954893033802401,375,0,0.93934299536513,0.970700490133449,"sex.=M"
4.62149212867899,0.954893033802401,374,0,0.93934299536513,0.970700490133449,"sex.=M"
4.62970568104038,0.954893033802401,373,0,0.93934299536513,0.970700490133449,"sex.=M"
4.65160848733744,0.954893033802401,372,0,0.93934299536513,0.970700490133449,"sex.=M"
4.65434633812457,0.954893033802401,371,0,0.93934299536513,0.970700490133449,"sex.=M"
4.65982203969884,0.954893033802401,370,0,0.93934299536513,0.970700490133449,"sex.=M"
4.67077344284736,0.954893033802401,369,0,0.93934299536513,0.970700490133449,"sex.=M"
4.67624914442163,0.954893033802401,368,0,0.93934299536513,0.970700490133449,"sex.=M"
4.68993839835729,0.954893033802401,367,0,0.93934299536513,0.970700490133449,"sex.=M"
4.69815195071869,0.954893033802401,365,0,0.93934299536513,0.970700490133449,"sex.=M"
4.70362765229295,0.954893033802401,364,0,0.93934299536513,0.970700490133449,"sex.=M"
4.71731690622861,0.954893033802401,363,0,0.93934299536513,0.970700490133449,"sex.=M"
4.7419575633128,0.954893033802401,361,0,0.93934299536513,0.970700490133449,"sex.=M"
4.74469541409993,0.954893033802401,360,0,0.93934299536513,0.970700490133449,"sex.=M"
4.75564681724846,0.954893033802401,359,0,0.93934299536513,0.970700490133449,"sex.=M"
4.82409308692676,0.954893033802401,358,0,0.93934299536513,0.970700490133449,"sex.=M"
4.83778234086242,0.954893033802401,357,0,0.93934299536513,0.970700490133449,"sex.=M"
4.84052019164956,0.954893033802401,356,0,0.93934299536513,0.970700490133449,"sex.=M"
4.85694729637235,0.954893033802401,355,0,0.93934299536513,0.970700490133449,"sex.=M"
4.89253935660506,0.954893033802401,354,0,0.93934299536513,0.970700490133449,"sex.=M"
4.90075290896646,0.954893033802401,353,0,0.93934299536513,0.970700490133449,"sex.=M"
4.90896646132786,0.954893033802401,352,0,0.93934299536513,0.970700490133449,"sex.=M"
4.91718001368925,0.954893033802401,351,0,0.93934299536513,0.970700490133449,"sex.=M"
4.92813141683778,0.954893033802401,348,0,0.93934299536513,0.970700490133449,"sex.=M"
4.9719370294319,0.954893033802401,347,0,0.93934299536513,0.970700490133449,"sex.=M"
4.98562628336756,0.954893033802401,346,0,0.93934299536513,0.970700490133449,"sex.=M"
4.99383983572895,0.954893033802401,344,0,0.93934299536513,0.970700490133449,"sex.=M"
5.01848049281314,0.954893033802401,343,0,0.93934299536513,0.970700490133449,"sex.=M"
5.02121834360027,0.954893033802401,342,0,0.93934299536513,0.970700490133449,"sex.=M"
5.03764544832307,0.954893033802401,341,0,0.93934299536513,0.970700490133449,"sex.=M"
5.0403832991102,0.954893033802401,340,0,0.93934299536513,0.970700490133449,"sex.=M"
5.04312114989733,0.954893033802401,339,0,0.93934299536513,0.970700490133449,"sex.=M"
5.05407255304586,0.954893033802401,338,0,0.93934299536513,0.970700490133449,"sex.=M"
5.07323750855578,0.954893033802401,337,0,0.93934299536513,0.970700490133449,"sex.=M"
5.08418891170431,0.954893033802401,336,0,0.93934299536513,0.970700490133449,"sex.=M"
5.08692676249144,0.954893033802401,335,0,0.93934299536513,0.970700490133449,"sex.=M"
5.10609171800137,0.954893033802401,334,0,0.93934299536513,0.970700490133449,"sex.=M"
5.11156741957563,0.954893033802401,333,0,0.93934299536513,0.970700490133449,"sex.=M"
5.11430527036276,0.954893033802401,332,0,0.93934299536513,0.970700490133449,"sex.=M"
5.13894592744695,0.954893033802401,331,0,0.93934299536513,0.970700490133449,"sex.=M"
5.14442162902122,0.954893033802401,330,0,0.93934299536513,0.970700490133449,"sex.=M"
5.16084873374401,0.951990623365312,329,1,0.93550461338137,0.96876715946885,"sex.=M"
5.16632443531828,0.951990623365312,328,0,0.93550461338137,0.96876715946885,"sex.=M"
5.1854893908282,0.951990623365312,327,0,0.93550461338137,0.96876715946885,"sex.=M"
5.19644079397673,0.951990623365312,326,0,0.93550461338137,0.96876715946885,"sex.=M"
5.21560574948665,0.951990623365312,324,0,0.93550461338137,0.96876715946885,"sex.=M"
5.22381930184805,0.951990623365312,323,0,0.93550461338137,0.96876715946885,"sex.=M"
5.23203285420945,0.951990623365312,322,0,0.93550461338137,0.96876715946885,"sex.=M"
5.24298425735797,0.951990623365312,321,0,0.93550461338137,0.96876715946885,"sex.=M"
5.25667351129363,0.951990623365312,320,0,0.93550461338137,0.96876715946885,"sex.=M"
5.26488706365503,0.951990623365312,319,0,0.93550461338137,0.96876715946885,"sex.=M"
5.27857631759069,0.951990623365312,318,0,0.93550461338137,0.96876715946885,"sex.=M"
5.29226557152635,0.951990623365312,317,0,0.93550461338137,0.96876715946885,"sex.=M"
5.29774127310062,0.951990623365312,316,0,0.93550461338137,0.96876715946885,"sex.=M"
5.30595482546201,0.951990623365312,314,0,0.93550461338137,0.96876715946885,"sex.=M"
5.31143052703628,0.951990623365312,313,0,0.93550461338137,0.96876715946885,"sex.=M"
5.33607118412047,0.951990623365312,312,0,0.93550461338137,0.96876715946885,"sex.=M"
5.34428473648186,0.951990623365312,311,0,0.93550461338137,0.96876715946885,"sex.=M"
5.34976043805613,0.951990623365312,310,0,0.93550461338137,0.96876715946885,"sex.=M"
5.36892539356605,0.951990623365312,309,0,0.93550461338137,0.96876715946885,"sex.=M"
5.37166324435318,0.951990623365312,308,0,0.93550461338137,0.96876715946885,"sex.=M"
5.39356605065024,0.951990623365312,307,0,0.93550461338137,0.96876715946885,"sex.=M"
5.4154688569473,0.951990623365312,306,0,0.93550461338137,0.96876715946885,"sex.=M"
5.41820670773443,0.951990623365312,304,0,0.93550461338137,0.96876715946885,"sex.=M"
5.43189596167009,0.951990623365312,303,0,0.93550461338137,0.96876715946885,"sex.=M"
5.44832306639288,0.951990623365312,302,0,0.93550461338137,0.96876715946885,"sex.=M"
5.45106091718001,0.951990623365312,301,0,0.93550461338137,0.96876715946885,"sex.=M"
5.45653661875428,0.951990623365312,300,0,0.93550461338137,0.96876715946885,"sex.=M"
5.4839151266256,0.951990623365312,299,0,0.93550461338137,0.96876715946885,"sex.=M"
5.48665297741273,0.951990623365312,298,0,0.93550461338137,0.96876715946885,"sex.=M"
5.48939082819986,0.951990623365312,297,0,0.93550461338137,0.96876715946885,"sex.=M"
5.50308008213552,0.951990623365312,295,0,0.93550461338137,0.96876715946885,"sex.=M"
5.50581793292266,0.951990623365312,294,0,0.93550461338137,0.96876715946885,"sex.=M"
5.50855578370979,0.951990623365312,293,0,0.93550461338137,0.96876715946885,"sex.=M"
5.52224503764545,0.951990623365312,292,0,0.93550461338137,0.96876715946885,"sex.=M"
5.52772073921971,0.951990623365312,291,0,0.93550461338137,0.96876715946885,"sex.=M"
5.54140999315537,0.951990623365312,290,0,0.93550461338137,0.96876715946885,"sex.=M"
5.54962354551677,0.951990623365312,289,0,0.93550461338137,0.96876715946885,"sex.=M"
5.5523613963039,0.951990623365312,288,0,0.93550461338137,0.96876715946885,"sex.=M"
5.56331279945243,0.951990623365312,287,0,0.93550461338137,0.96876715946885,"sex.=M"
5.57152635181383,0.951990623365312,285,0,0.93550461338137,0.96876715946885,"sex.=M"
5.59616700889802,0.951990623365312,284,0,0.93550461338137,0.96876715946885,"sex.=M"
5.60438056125941,0.951990623365312,282,0,0.93550461338137,0.96876715946885,"sex.=M"
5.62354551676934,0.951990623365312,281,0,0.93550461338137,0.96876715946885,"sex.=M"
5.62628336755647,0.951990623365312,279,0,0.93550461338137,0.96876715946885,"sex.=M"
5.6290212183436,0.951990623365312,278,0,0.93550461338137,0.96876715946885,"sex.=M"
5.64271047227926,0.951990623365312,277,0,0.93550461338137,0.96876715946885,"sex.=M"
5.64544832306639,0.951990623365312,274,0,0.93550461338137,0.96876715946885,"sex.=M"
5.65913757700205,0.951990623365312,273,0,0.93550461338137,0.96876715946885,"sex.=M"
5.66735112936345,0.951990623365312,272,0,0.93550461338137,0.96876715946885,"sex.=M"
5.67282683093771,0.951990623365312,271,0,0.93550461338137,0.96876715946885,"sex.=M"
5.67830253251198,0.951990623365312,270,0,0.93550461338137,0.96876715946885,"sex.=M"
5.68377823408624,0.951990623365312,269,0,0.93550461338137,0.96876715946885,"sex.=M"
5.69472963723477,0.951990623365312,268,0,0.93550461338137,0.96876715946885,"sex.=M"
5.6974674880219,0.951990623365312,267,0,0.93550461338137,0.96876715946885,"sex.=M"
5.7138945927447,0.951990623365312,266,0,0.93550461338137,0.96876715946885,"sex.=M"
5.72210814510609,0.951990623365312,265,0,0.93550461338137,0.96876715946885,"sex.=M"
5.72484599589322,0.951990623365312,264,0,0.93550461338137,0.96876715946885,"sex.=M"
5.73853524982888,0.951990623365312,263,0,0.93550461338137,0.96876715946885,"sex.=M"
5.75222450376454,0.951990623365312,261,0,0.93550461338137,0.96876715946885,"sex.=M"
5.76865160848734,0.951990623365312,260,0,0.93550461338137,0.96876715946885,"sex.=M"
5.79329226557153,0.951990623365312,259,0,0.93550461338137,0.96876715946885,"sex.=M"
5.79876796714579,0.951990623365312,258,0,0.93550461338137,0.96876715946885,"sex.=M"
5.83436002737851,0.951990623365312,257,0,0.93550461338137,0.96876715946885,"sex.=M"
5.8425735797399,0.951990623365312,256,0,0.93550461338137,0.96876715946885,"sex.=M"
5.87268993839836,0.951990623365312,255,0,0.93550461338137,0.96876715946885,"sex.=M"
5.88637919233402,0.951990623365312,254,0,0.93550461338137,0.96876715946885,"sex.=M"
5.88911704312115,0.951990623365312,253,0,0.93550461338137,0.96876715946885,"sex.=M"
5.91375770020534,0.951990623365312,252,0,0.93550461338137,0.96876715946885,"sex.=M"
5.927446954141,0.951990623365312,251,0,0.93550461338137,0.96876715946885,"sex.=M"
5.94113620807666,0.951990623365312,250,0,0.93550461338137,0.96876715946885,"sex.=M"
5.96303901437372,0.951990623365312,249,0,0.93550461338137,0.96876715946885,"sex.=M"
5.96851471594798,0.951990623365312,248,0,0.93550461338137,0.96876715946885,"sex.=M"
5.97399041752224,0.951990623365312,247,0,0.93550461338137,0.96876715946885,"sex.=M"
5.98220396988364,0.951990623365312,245,0,0.93550461338137,0.96876715946885,"sex.=M"
5.98767967145791,0.951990623365312,243,0,0.93550461338137,0.96876715946885,"sex.=M"
5.99041752224504,0.951990623365312,242,0,0.93550461338137,0.96876715946885,"sex.=M"
6.02600958247776,0.951990623365312,241,0,0.93550461338137,0.96876715946885,"sex.=M"
6.04517453798768,0.951990623365312,240,0,0.93550461338137,0.96876715946885,"sex.=M"
6.06981519507187,0.951990623365312,239,0,0.93550461338137,0.96876715946885,"sex.=M"
6.08624229979466,0.951990623365312,238,0,0.93550461338137,0.96876715946885,"sex.=M"
6.11635865845311,0.951990623365312,236,0,0.93550461338137,0.96876715946885,"sex.=M"
6.11909650924025,0.951990623365312,235,0,0.93550461338137,0.96876715946885,"sex.=M"
6.12457221081451,0.951990623365312,233,0,0.93550461338137,0.96876715946885,"sex.=M"
6.1409993155373,0.951990623365312,232,0,0.93550461338137,0.96876715946885,"sex.=M"
6.1574264202601,0.951990623365312,231,0,0.93550461338137,0.96876715946885,"sex.=M"
6.16016427104723,0.951990623365312,230,0,0.93550461338137,0.96876715946885,"sex.=M"
6.16290212183436,0.951990623365312,229,0,0.93550461338137,0.96876715946885,"sex.=M"
6.17932922655715,0.951990623365312,228,0,0.93550461338137,0.96876715946885,"sex.=M"
6.19301848049281,0.951990623365312,227,0,0.93550461338137,0.96876715946885,"sex.=M"
6.19849418206708,0.951990623365312,226,0,0.93550461338137,0.96876715946885,"sex.=M"
6.23134839151266,0.951990623365312,225,0,0.93550461338137,0.96876715946885,"sex.=M"
6.23956194387406,0.951990623365312,224,0,0.93550461338137,0.96876715946885,"sex.=M"
6.25325119780972,0.951990623365312,223,0,0.93550461338137,0.96876715946885,"sex.=M"
6.25598904859685,0.951990623365312,222,0,0.93550461338137,0.96876715946885,"sex.=M"
6.27241615331964,0.951990623365312,221,0,0.93550461338137,0.96876715946885,"sex.=M"
6.31348391512663,0.951990623365312,220,0,0.93550461338137,0.96876715946885,"sex.=M"
6.32443531827515,0.951990623365312,218,0,0.93550461338137,0.96876715946885,"sex.=M"
6.32991101984942,0.951990623365312,217,0,0.93550461338137,0.96876715946885,"sex.=M"
6.33264887063655,0.951990623365312,216,0,0.93550461338137,0.96876715946885,"sex.=M"
6.34360027378508,0.951990623365312,215,0,0.93550461338137,0.96876715946885,"sex.=M"
6.34633812457221,0.951990623365312,214,0,0.93550461338137,0.96876715946885,"sex.=M"
6.35181382614647,0.951990623365312,213,0,0.93550461338137,0.96876715946885,"sex.=M"
6.38193018480493,0.951990623365312,211,0,0.93550461338137,0.96876715946885,"sex.=M"
6.38740588637919,0.951990623365312,210,0,0.93550461338137,0.96876715946885,"sex.=M"
6.39014373716632,0.951990623365312,208,0,0.93550461338137,0.96876715946885,"sex.=M"
6.40657084188912,0.951990623365312,207,0,0.93550461338137,0.96876715946885,"sex.=M"
6.42026009582478,0.951990623365312,206,0,0.93550461338137,0.96876715946885,"sex.=M"
6.42299794661191,0.951990623365312,205,0,0.93550461338137,0.96876715946885,"sex.=M"
6.42573579739904,0.951990623365312,203,0,0.93550461338137,0.96876715946885,"sex.=M"
6.43121149897331,0.951990623365312,202,0,0.93550461338137,0.96876715946885,"sex.=M"
6.43394934976044,0.951990623365312,201,0,0.93550461338137,0.96876715946885,"sex.=M"
6.44216290212183,0.951990623365312,200,0,0.93550461338137,0.96876715946885,"sex.=M"
6.4558521560575,0.951990623365312,199,0,0.93550461338137,0.96876715946885,"sex.=M"
6.45859000684463,0.951990623365312,198,0,0.93550461338137,0.96876715946885,"sex.=M"
6.48323066392882,0.951990623365312,197,0,0.93550461338137,0.96876715946885,"sex.=M"
6.49144421629021,0.951990623365312,196,0,0.93550461338137,0.96876715946885,"sex.=M"
6.50239561943874,0.951990623365312,195,0,0.93550461338137,0.96876715946885,"sex.=M"
6.52703627652293,0.951990623365312,194,0,0.93550461338137,0.96876715946885,"sex.=M"
6.52977412731006,0.951990623365312,193,0,0.93550461338137,0.96876715946885,"sex.=M"
6.54346338124572,0.951990623365312,192,0,0.93550461338137,0.96876715946885,"sex.=M"
6.54893908281999,0.951990623365312,190,0,0.93550461338137,0.96876715946885,"sex.=M"
6.57905544147844,0.951990623365312,189,0,0.93550461338137,0.96876715946885,"sex.=M"
6.5845311430527,0.951990623365312,188,0,0.93550461338137,0.96876715946885,"sex.=M"
6.58726899383984,0.951990623365312,187,0,0.93550461338137,0.96876715946885,"sex.=M"
6.64476386036961,0.951990623365312,186,0,0.93550461338137,0.96876715946885,"sex.=M"
6.65845311430527,0.951990623365312,185,0,0.93550461338137,0.96876715946885,"sex.=M"
6.67214236824093,0.951990623365312,184,0,0.93550461338137,0.96876715946885,"sex.=M"
6.68309377138946,0.951990623365312,183,0,0.93550461338137,0.96876715946885,"sex.=M"
6.69678302532512,0.951990623365312,182,0,0.93550461338137,0.96876715946885,"sex.=M"
6.71594798083504,0.951990623365312,181,0,0.93550461338137,0.96876715946885,"sex.=M"
6.72142368240931,0.951990623365312,180,0,0.93550461338137,0.96876715946885,"sex.=M"
6.74880219028063,0.951990623365312,179,0,0.93550461338137,0.96876715946885,"sex.=M"
6.75427789185489,0.951990623365312,178,0,0.93550461338137,0.96876715946885,"sex.=M"
6.77344284736482,0.951990623365312,176,0,0.93550461338137,0.96876715946885,"sex.=M"
6.78986995208761,0.951990623365312,175,0,0.93550461338137,0.96876715946885,"sex.=M"
6.79260780287474,0.951990623365312,173,0,0.93550461338137,0.96876715946885,"sex.=M"
6.80903490759754,0.951990623365312,172,0,0.93550461338137,0.96876715946885,"sex.=M"
6.81177275838467,0.951990623365312,171,0,0.93550461338137,0.96876715946885,"sex.=M"
6.81998631074606,0.951990623365312,170,0,0.93550461338137,0.96876715946885,"sex.=M"
6.82546201232033,0.951990623365312,169,0,0.93550461338137,0.96876715946885,"sex.=M"
6.83641341546886,0.951990623365312,167,0,0.93550461338137,0.96876715946885,"sex.=M"
6.85557837097878,0.951990623365312,166,0,0.93550461338137,0.96876715946885,"sex.=M"
6.90485968514716,0.951990623365312,165,0,0.93550461338137,0.96876715946885,"sex.=M"
6.91307323750856,0.951990623365312,163,0,0.93550461338137,0.96876715946885,"sex.=M"
6.92128678986995,0.951990623365312,162,0,0.93550461338137,0.96876715946885,"sex.=M"
6.92402464065708,0.951990623365312,161,0,0.93550461338137,0.96876715946885,"sex.=M"
6.93223819301848,0.951990623365312,160,0,0.93550461338137,0.96876715946885,"sex.=M"
6.93771389459274,0.951990623365312,159,0,0.93550461338137,0.96876715946885,"sex.=M"
6.96509240246407,0.951990623365312,158,0,0.93550461338137,0.96876715946885,"sex.=M"
6.97056810403833,0.951990623365312,157,0,0.93550461338137,0.96876715946885,"sex.=M"
6.98699520876112,0.951990623365312,156,0,0.93550461338137,0.96876715946885,"sex.=M"
7.00068446269678,0.951990623365312,155,0,0.93550461338137,0.96876715946885,"sex.=M"
7.02532511978097,0.951990623365312,154,0,0.93550461338137,0.96876715946885,"sex.=M"
7.11567419575633,0.951990623365312,153,0,0.93550461338137,0.96876715946885,"sex.=M"
7.12388774811773,0.951990623365312,152,0,0.93550461338137,0.96876715946885,"sex.=M"
7.15947980835044,0.951990623365312,151,0,0.93550461338137,0.96876715946885,"sex.=M"
7.1813826146475,0.951990623365312,150,0,0.93550461338137,0.96876715946885,"sex.=M"
7.21423682409309,0.951990623365312,149,0,0.93550461338137,0.96876715946885,"sex.=M"
7.22792607802875,0.951990623365312,148,0,0.93550461338137,0.96876715946885,"sex.=M"
7.23340177960301,0.951990623365312,147,0,0.93550461338137,0.96876715946885,"sex.=M"
7.23613963039014,0.951990623365312,146,0,0.93550461338137,0.96876715946885,"sex.=M"
7.2662559890486,0.951990623365312,145,0,0.93550461338137,0.96876715946885,"sex.=M"
7.26899383983573,0.951990623365312,143,0,0.93550461338137,0.96876715946885,"sex.=M"
7.27446954140999,0.951990623365312,142,0,0.93550461338137,0.96876715946885,"sex.=M"
7.27720739219713,0.951990623365312,140,0,0.93550461338137,0.96876715946885,"sex.=M"
7.28542094455852,0.951990623365312,139,0,0.93550461338137,0.96876715946885,"sex.=M"
7.31827515400411,0.951990623365312,138,0,0.93550461338137,0.96876715946885,"sex.=M"
7.3347022587269,0.951990623365312,137,0,0.93550461338137,0.96876715946885,"sex.=M"
7.3429158110883,0.951990623365312,136,0,0.93550461338137,0.96876715946885,"sex.=M"
7.40588637919233,0.951990623365312,135,0,0.93550461338137,0.96876715946885,"sex.=M"
7.41957563312799,0.951990623365312,134,0,0.93550461338137,0.96876715946885,"sex.=M"
7.44969199178645,0.951990623365312,133,0,0.93550461338137,0.96876715946885,"sex.=M"
7.46064339493498,0.951990623365312,131,0,0.93550461338137,0.96876715946885,"sex.=M"
7.46338124572211,0.951990623365312,130,0,0.93550461338137,0.96876715946885,"sex.=M"
7.46885694729637,0.951990623365312,129,0,0.93550461338137,0.96876715946885,"sex.=M"
7.53730321697468,0.951990623365312,128,0,0.93550461338137,0.96876715946885,"sex.=M"
7.54004106776181,0.951990623365312,127,0,0.93550461338137,0.96876715946885,"sex.=M"
7.564681724846,0.951990623365312,126,0,0.93550461338137,0.96876715946885,"sex.=M"
7.57289527720739,0.951990623365312,125,0,0.93550461338137,0.96876715946885,"sex.=M"
7.58110882956879,0.951990623365312,124,0,0.93550461338137,0.96876715946885,"sex.=M"
7.61396303901437,0.951990623365312,123,0,0.93550461338137,0.96876715946885,"sex.=M"
7.61943874058864,0.951990623365312,122,0,0.93550461338137,0.96876715946885,"sex.=M"
7.63039014373717,0.951990623365312,121,0,0.93550461338137,0.96876715946885,"sex.=M"
7.64955509924709,0.951990623365312,120,0,0.93550461338137,0.96876715946885,"sex.=M"
7.65503080082136,0.951990623365312,119,0,0.93550461338137,0.96876715946885,"sex.=M"
7.66324435318275,0.943922906218148,118,1,0.921396545531819,0.966999992787085,"sex.=M"
7.67419575633128,0.943922906218148,117,0,0.921396545531819,0.966999992787085,"sex.=M"
7.69062286105407,0.943922906218148,116,0,0.921396545531819,0.966999992787085,"sex.=M"
7.70704996577687,0.943922906218148,115,0,0.921396545531819,0.966999992787085,"sex.=M"
7.709787816564,0.943922906218148,114,0,0.921396545531819,0.966999992787085,"sex.=M"
7.71526351813826,0.943922906218148,113,0,0.921396545531819,0.966999992787085,"sex.=M"
7.73169062286105,0.943922906218148,112,0,0.921396545531819,0.966999992787085,"sex.=M"
7.74811772758385,0.943922906218148,111,0,0.921396545531819,0.966999992787085,"sex.=M"
7.76454483230664,0.943922906218148,109,0,0.921396545531819,0.966999992787085,"sex.=M"
7.7782340862423,0.943922906218148,107,0,0.921396545531819,0.966999992787085,"sex.=M"
7.78918548939083,0.943922906218148,106,0,0.921396545531819,0.966999992787085,"sex.=M"
7.80561259411362,0.943922906218148,104,0,0.921396545531819,0.966999992787085,"sex.=M"
7.84394250513347,0.943922906218148,103,0,0.921396545531819,0.966999992787085,"sex.=M"
7.84941820670773,0.943922906218148,102,0,0.921396545531819,0.966999992787085,"sex.=M"
7.86584531143053,0.943922906218148,101,0,0.921396545531819,0.966999992787085,"sex.=M"
7.87132101300479,0.943922906218148,100,0,0.921396545531819,0.966999992787085,"sex.=M"
7.88227241615332,0.943922906218148,99,0,0.921396545531819,0.966999992787085,"sex.=M"
7.88501026694045,0.943922906218148,98,0,0.921396545531819,0.966999992787085,"sex.=M"
7.90965092402464,0.943922906218148,97,0,0.921396545531819,0.966999992787085,"sex.=M"
7.93702943189596,0.943922906218148,95,0,0.921396545531819,0.966999992787085,"sex.=M"
7.94798083504449,0.943922906218148,94,0,0.921396545531819,0.966999992787085,"sex.=M"
7.95071868583162,0.943922906218148,93,0,0.921396545531819,0.966999992787085,"sex.=M"
7.96167008898015,0.943922906218148,92,0,0.921396545531819,0.966999992787085,"sex.=M"
7.98631074606434,0.943922906218148,91,0,0.921396545531819,0.966999992787085,"sex.=M"
8.06023271731691,0.943922906218148,88,0,0.921396545531819,0.966999992787085,"sex.=M"
8.0766598220397,0.943922906218148,86,0,0.921396545531819,0.966999992787085,"sex.=M"
8.07939767282683,0.943922906218148,85,0,0.921396545531819,0.966999992787085,"sex.=M"
8.08213552361396,0.943922906218148,84,0,0.921396545531819,0.966999992787085,"sex.=M"
8.09856262833676,0.943922906218148,83,0,0.921396545531819,0.966999992787085,"sex.=M"
8.10951403148528,0.943922906218148,82,0,0.921396545531819,0.966999992787085,"sex.=M"
8.11772758384668,0.943922906218148,81,0,0.921396545531819,0.966999992787085,"sex.=M"
8.12867898699521,0.943922906218148,80,0,0.921396545531819,0.966999992787085,"sex.=M"
8.13141683778234,0.943922906218148,79,0,0.921396545531819,0.966999992787085,"sex.=M"
8.13963039014374,0.943922906218148,78,0,0.921396545531819,0.966999992787085,"sex.=M"
8.16700889801506,0.943922906218148,77,0,0.921396545531819,0.966999992787085,"sex.=M"
8.17248459958932,0.943922906218148,76,0,0.921396545531819,0.966999992787085,"sex.=M"
8.17796030116359,0.943922906218148,75,0,0.921396545531819,0.966999992787085,"sex.=M"
8.18343600273785,0.943922906218148,74,0,0.921396545531819,0.966999992787085,"sex.=M"
8.20260095824777,0.943922906218148,73,0,0.921396545531819,0.966999992787085,"sex.=M"
8.2135523613963,0.943922906218148,72,0,0.921396545531819,0.966999992787085,"sex.=M"
8.22724161533196,0.943922906218148,71,0,0.921396545531819,0.966999992787085,"sex.=M"
8.23271731690623,0.930438293272175,70,1,0.896523276362012,0.965636297922136,"sex.=M"
8.27104722792608,0.930438293272175,68,0,0.896523276362012,0.965636297922136,"sex.=M"
8.27378507871321,0.930438293272175,67,0,0.896523276362012,0.965636297922136,"sex.=M"
8.28747433264887,0.930438293272175,65,0,0.896523276362012,0.965636297922136,"sex.=M"
8.32580424366872,0.930438293272175,64,0,0.896523276362012,0.965636297922136,"sex.=M"
8.33949349760438,0.930438293272175,63,0,0.896523276362012,0.965636297922136,"sex.=M"
8.34223134839151,0.930438293272175,62,0,0.896523276362012,0.965636297922136,"sex.=M"
8.34496919917864,0.930438293272175,61,0,0.896523276362012,0.965636297922136,"sex.=M"
8.36139630390144,0.930438293272175,60,0,0.896523276362012,0.965636297922136,"sex.=M"
8.3668720054757,0.930438293272175,59,0,0.896523276362012,0.965636297922136,"sex.=M"
8.38056125941136,0.930438293272175,58,0,0.896523276362012,0.965636297922136,"sex.=M"
8.40246406570842,0.930438293272175,57,0,0.896523276362012,0.965636297922136,"sex.=M"
8.40520191649555,0.930438293272175,56,0,0.896523276362012,0.965636297922136,"sex.=M"
8.42436687200547,0.930438293272175,55,0,0.896523276362012,0.965636297922136,"sex.=M"
8.435318275154,0.930438293272175,54,0,0.896523276362012,0.965636297922136,"sex.=M"
8.43805612594114,0.930438293272175,52,0,0.896523276362012,0.965636297922136,"sex.=M"
8.4435318275154,0.930438293272175,51,0,0.896523276362012,0.965636297922136,"sex.=M"
8.45722108145106,0.930438293272175,50,0,0.896523276362012,0.965636297922136,"sex.=M"
8.46269678302533,0.930438293272175,49,0,0.896523276362012,0.965636297922136,"sex.=M"
8.48186173853525,0.930438293272175,48,0,0.896523276362012,0.965636297922136,"sex.=M"
8.48459958932238,0.930438293272175,46,0,0.896523276362012,0.965636297922136,"sex.=M"
8.49555099247091,0.930438293272175,45,0,0.896523276362012,0.965636297922136,"sex.=M"
8.49828884325804,0.930438293272175,44,0,0.896523276362012,0.965636297922136,"sex.=M"
8.50376454483231,0.930438293272175,43,0,0.896523276362012,0.965636297922136,"sex.=M"
8.52292950034223,0.930438293272175,42,0,0.896523276362012,0.965636297922136,"sex.=M"
8.53114305270363,0.930438293272175,41,0,0.896523276362012,0.965636297922136,"sex.=M"
8.55030800821355,0.930438293272175,40,0,0.896523276362012,0.965636297922136,"sex.=M"
8.56125941136208,0.930438293272175,39,0,0.896523276362012,0.965636297922136,"sex.=M"
8.56673511293634,0.930438293272175,38,0,0.896523276362012,0.965636297922136,"sex.=M"
8.57221081451061,0.930438293272175,37,0,0.896523276362012,0.965636297922136,"sex.=M"
8.5886379192334,0.930438293272175,36,0,0.896523276362012,0.965636297922136,"sex.=M"
8.61327857631759,0.930438293272175,35,0,0.896523276362012,0.965636297922136,"sex.=M"
8.61601642710472,0.930438293272175,34,0,0.896523276362012,0.965636297922136,"sex.=M"
8.62970568104038,0.930438293272175,33,0,0.896523276362012,0.965636297922136,"sex.=M"
8.65708418891171,0.930438293272175,32,0,0.896523276362012,0.965636297922136,"sex.=M"
8.66255989048597,0.930438293272175,31,0,0.896523276362012,0.965636297922136,"sex.=M"
8.6652977412731,0.930438293272175,30,0,0.896523276362012,0.965636297922136,"sex.=M"
8.66803559206023,0.930438293272175,28,0,0.896523276362012,0.965636297922136,"sex.=M"
8.67624914442163,0.930438293272175,27,0,0.896523276362012,0.965636297922136,"sex.=M"
8.68993839835729,0.930438293272175,26,0,0.896523276362012,0.965636297922136,"sex.=M"
8.69267624914442,0.930438293272175,25,0,0.896523276362012,0.965636297922136,"sex.=M"
8.70910335386721,0.930438293272175,24,0,0.896523276362012,0.965636297922136,"sex.=M"
8.71184120465435,0.930438293272175,23,0,0.896523276362012,0.965636297922136,"sex.=M"
8.72279260780287,0.930438293272175,22,0,0.896523276362012,0.965636297922136,"sex.=M"
8.76112251882272,0.930438293272175,21,0,0.896523276362012,0.965636297922136,"sex.=M"
8.76386036960986,0.930438293272175,20,0,0.896523276362012,0.965636297922136,"sex.=M"
8.80219028062971,0.930438293272175,19,0,0.896523276362012,0.965636297922136,"sex.=M"
8.82409308692676,0.930438293272175,18,0,0.896523276362012,0.965636297922136,"sex.=M"
8.85694729637235,0.930438293272175,17,0,0.896523276362012,0.965636297922136,"sex.=M"
8.86516084873374,0.930438293272175,15,0,0.896523276362012,0.965636297922136,"sex.=M"
8.87063655030801,0.930438293272175,14,0,0.896523276362012,0.965636297922136,"sex.=M"
8.87611225188227,0.930438293272175,13,0,0.896523276362012,0.965636297922136,"sex.=M"
8.88432580424367,0.930438293272175,11,0,0.896523276362012,0.965636297922136,"sex.=M"
8.89801505817933,0.930438293272175,10,0,0.896523276362012,0.965636297922136,"sex.=M"
8.93634496919918,0.930438293272175,9,0,0.896523276362012,0.965636297922136,"sex.=M"
8.94182067077344,0.930438293272175,7,0,0.896523276362012,0.965636297922136,"sex.=M"
8.9637234770705,0.930438293272175,6,0,0.896523276362012,0.965636297922136,"sex.=M"
8.9719370294319,0.930438293272175,5,0,0.896523276362012,0.965636297922136,"sex.=M"
8.97467488021903,0.930438293272175,4,0,0.896523276362012,0.965636297922136,"sex.=M"
8.97741273100616,0.930438293272175,3,0,0.896523276362012,0.965636297922136,"sex.=M"
8.98015058179329,0.930438293272175,2,0,0.896523276362012,0.965636297922136,"sex.=M"
