"time","survival","n_risk","n_event","lower_CI","upper_CI"
0,1.00000,1814,19,0.984852073089255,0.994221926834751
0.0027378507871321,0.989525909592062,1795,0,0.984852073089255,0.994221926834751
0.0109514031485284,0.989525909592062,1794,0,0.984852073089255,0.994221926834751
0.0246406570841889,0.988974026764626,1793,1,0.984180138649815,0.993791265648626
0.027378507871321,0.988974026764626,1791,0,0.984180138649815,0.993791265648626
0.0328542094455852,0.988974026764626,1790,0,0.984180138649815,0.993791265648626
0.0410677618069815,0.988974026764626,1789,0,0.984180138649815,0.993791265648626
0.0438056125941136,0.988420599777069,1787,1,0.983509091563699,0.993356635382343
0.0465434633812457,0.988420599777069,1786,0,0.983509091563699,0.993356635382343
0.0492813141683778,0.988420599777069,1785,0,0.983509091563699,0.993356635382343
0.0520191649555099,0.988420599777069,1783,0,0.983509091563699,0.993356635382343
0.054757015742642,0.987865930529158,1782,1,0.982839187956307,0.992918382435951
0.0602327173169062,0.987865930529158,1781,0,0.982839187956307,0.992918382435951
0.0629705681040383,0.987865930529158,1779,0,0.982839187956307,0.992918382435951
0.0657084188911704,0.987865930529158,1777,0,0.982839187956307,0.992918382435951
0.0739219712525667,0.987309699712419,1776,1,0.982169817854305,0.992476479551957
0.082135523613963,0.987309699712419,1775,0,0.982169817854305,0.992476479551957
0.0848733744010951,0.987309699712419,1773,0,0.982169817854305,0.992476479551957
0.0985626283367557,0.987309699712419,1772,0,0.982169817854305,0.992476479551957
0.10403832991102,0.986752212586664,1771,1,0.981501272486927,0.992031244725305
0.106776180698152,0.986752212586664,1770,0,0.981501272486927,0.992031244725305
0.109514031485284,0.986194410318384,1769,1,0.980834731781221,0.991583376311518
0.120465434633812,0.986194410318384,1767,0,0.980834731781221,0.991583376311518
0.123203285420945,0.986194410318384,1765,0,0.980834731781221,0.991583376311518
0.125941136208077,0.986194410318384,1764,0,0.980834731781221,0.991583376311518
0.136892539356605,0.986194410318384,1762,0,0.980834731781221,0.991583376311518
0.139630390143737,0.986194410318384,1761,0,0.980834731781221,0.991583376311518
0.142368240930869,0.986194410318384,1760,0,0.980834731781221,0.991583376311518
0.147843942505133,0.986194410318384,1759,0,0.980834731781221,0.991583376311518
0.158795345653662,0.986194410318384,1758,0,0.980834731781221,0.991583376311518
0.161533196440794,0.985633115833285,1757,1,0.980165658915982,0.991131070743321
0.164271047227926,0.985071821348187,1756,1,0.979498808955989,0.990676542270134
0.172484599589322,0.985071821348187,1755,0,0.979498808955989,0.990676542270134
0.177960301163587,0.98451020685483,1754,1,0.978833618876403,0.990219715291295
0.180698151950719,0.98451020685483,1752,0,0.978833618876403,0.990219715291295
0.183436002737851,0.98451020685483,1751,0,0.978833618876403,0.990219715291295
0.186173853524983,0.98451020685483,1750,0,0.978833618876403,0.990219715291295
0.197125256673511,0.98451020685483,1749,0,0.978833618876403,0.990219715291295
0.202600958247775,0.98451020685483,1748,0,0.978833618876403,0.990219715291295
0.20807665982204,0.98451020685483,1747,0,0.978833618876403,0.990219715291295
0.213552361396304,0.98451020685483,1746,0,0.978833618876403,0.990219715291295
0.216290212183436,0.98451020685483,1745,0,0.978833618876403,0.990219715291295
0.219028062970568,0.98451020685483,1743,0,0.978833618876403,0.990219715291295
0.2217659137577,0.983944721382771,1741,1,0.978165133495028,0.989758458551661
0.224503764544832,0.983378910732177,1739,1,0.97749814340358,0.989295057590245
0.229979466119097,0.983378910732177,1738,0,0.97749814340358,0.989295057590245
0.232717316906229,0.983378910732177,1737,0,0.97749814340358,0.989295057590245
0.235455167693361,0.983378910732177,1735,0,0.97749814340358,0.989295057590245
0.243668720054757,0.983378910732177,1734,0,0.97749814340358,0.989295057590245
0.246406570841889,0.982811467621541,1733,1,0.976830785363426,0.988828766825813
0.251882272416153,0.982244024510905,1732,1,0.976165199630732,0.988360703754189
0.257357973990418,0.982244024510905,1731,0,0.976165199630732,0.988360703754189
0.268309377138946,0.981675925017261,1729,1,0.975500419609626,0.987890525094947
0.271047227926078,0.98110749657197,1727,1,0.974836816048973,0.987418513522124
0.27378507871321,0.98110749657197,1726,0,0.974836816048973,0.987418513522124
0.276522929500342,0.98110749657197,1725,0,0.974836816048973,0.987418513522124
0.287474332648871,0.98053807840797,1723,1,0.974173440245708,0.986944299123464
0.292950034223135,0.98053807840797,1721,0,0.974173440245708,0.986944299123464
0.298425735797399,0.98053807840797,1720,0,0.974173440245708,0.986944299123464
0.306639288158795,0.98053807840797,1719,0,0.974173440245708,0.986944299123464
0.31211498973306,0.98053807840797,1718,0,0.974173440245708,0.986944299123464
0.314852840520192,0.979967002066439,1717,1,0.973509350457271,0.98646748969386
0.334017796030116,0.979395592735788,1715,1,0.972846262544982,0.985989013886903
0.336755646817248,0.978823515870873,1712,1,0.972183679431481,0.985508701176816
0.344969199178645,0.978251439005957,1711,1,0.971522432722775,0.985027052062213
0.361396303901437,0.978251439005957,1710,0,0.971522432722775,0.985027052062213
0.364134154688569,0.977678692261808,1708,1,0.97086159082301,0.984543661360081
0.372347707049966,0.977678692261808,1707,0,0.97086159082301,0.984543661360081
0.375085557837098,0.977105609792722,1706,1,0.970201549962519,0.984058799664141
0.37782340862423,0.977105609792722,1704,0,0.970201549962519,0.984058799664141
0.380561259411362,0.975958098800599,1703,2,0.968883263731704,0.983084594676451
0.386036960985626,0.975958098800599,1701,0,0.968883263731704,0.983084594676451
0.388774811772758,0.975958098800599,1700,0,0.968883263731704,0.983084594676451
0.39151266255989,0.975958098800599,1699,0,0.968883263731704,0.983084594676451
0.407939767282683,0.975958098800599,1698,0,0.968883263731704,0.983084594676451
0.410677618069815,0.975958098800599,1695,0,0.968883263731704,0.983084594676451
0.413415468856947,0.975958098800599,1693,0,0.968883263731704,0.983084594676451
0.435318275154004,0.975381291413601,1692,1,0.96822185569567,0.982593666981523
0.4435318275154,0.975381291413601,1691,0,0.96822185569567,0.982593666981523
0.446269678302533,0.975381291413601,1689,0,0.96822185569567,0.982593666981523
0.451745379876797,0.974803458894991,1688,1,0.967560220592959,0.982100920696484
0.454483230663929,0.974225626376381,1687,1,0.966899655895474,0.981607104006514
0.459958932238193,0.974225626376381,1686,0,0.966899655895474,0.981607104006514
0.462696783025325,0.974225626376381,1685,0,0.966899655895474,0.981607104006514
0.470910335386721,0.974225626376381,1683,0,0.966899655895474,0.981607104006514
0.490075290896646,0.974225626376381,1680,0,0.966899655895474,0.981607104006514
0.503764544832307,0.974225626376381,1679,0,0.966899655895474,0.981607104006514
0.506502395619439,0.974225626376381,1675,0,0.966899655895474,0.981607104006514
0.511978097193703,0.973643651689178,1674,1,0.966234783943615,0.981109328941275
0.520191649555099,0.973643651689178,1672,0,0.966234783943615,0.981109328941275
0.525667351129363,0.973643651689178,1670,0,0.966234783943615,0.981109328941275
0.528405201916496,0.973643651689178,1669,0,0.966234783943615,0.981109328941275
0.531143052703628,0.973643651689178,1668,0,0.966234783943615,0.981109328941275
0.542094455852156,0.973643651689178,1667,0,0.966234783943615,0.981109328941275
0.544832306639288,0.973643651689178,1666,0,0.966234783943615,0.981109328941275
0.550308008213552,0.973643651689178,1665,0,0.966234783943615,0.981109328941275
0.555783709787817,0.973643651689178,1663,0,0.966234783943615,0.981109328941275
0.558521560574949,0.973643651689178,1662,0,0.966234783943615,0.981109328941275
0.561259411362081,0.973643651689178,1660,0,0.966234783943615,0.981109328941275
0.563997262149213,0.973056411851006,1658,1,0.965564156594548,0.980606802953171
0.566735112936345,0.972468817399406,1656,1,0.964894104304302,0.980102994303249
0.574948665297741,0.972468817399406,1653,0,0.964894104304302,0.980102994303249
0.577686516084873,0.972468817399406,1652,0,0.964894104304302,0.980102994303249
0.580424366872005,0.972468817399406,1651,0,0.964894104304302,0.980102994303249
0.583162217659138,0.972468817399406,1650,0,0.964894104304302,0.980102994303249
0.588637919233402,0.972468817399406,1649,0,0.964894104304302,0.980102994303249
0.596851471594798,0.972468817399406,1646,0,0.964894104304302,0.980102994303249
0.59958932238193,0.972468817399406,1645,0,0.964894104304302,0.980102994303249
0.602327173169062,0.972468817399406,1644,0,0.964894104304302,0.980102994303249
0.607802874743327,0.972468817399406,1643,0,0.964894104304302,0.980102994303249
0.613278576317591,0.972468817399406,1640,0,0.964894104304302,0.980102994303249
0.621492128678987,0.972468817399406,1639,0,0.964894104304302,0.980102994303249
0.635181382614648,0.972468817399406,1637,0,0.964894104304302,0.980102994303249
0.63791923340178,0.972468817399406,1635,0,0.964894104304302,0.980102994303249
0.640657084188912,0.971873671244326,1634,1,0.964215346734231,0.979592822347257
0.654346338124572,0.971873671244326,1633,0,0.964215346734231,0.979592822347257
0.659822039698836,0.971873671244326,1632,0,0.964215346734231,0.979592822347257
0.673511293634497,0.971873671244326,1628,0,0.964215346734231,0.979592822347257
0.678986995208761,0.971873671244326,1626,0,0.964215346734231,0.979592822347257
0.681724845995893,0.971275595138945,1625,1,0.963533844173769,0.979079549116885
0.684462696783025,0.970677150533191,1623,1,0.962852874449794,0.978565007769902
0.695414099931554,0.970677150533191,1621,0,0.962852874449794,0.978565007769902
0.698151950718686,0.970677150533191,1620,0,0.962852874449794,0.978565007769902
0.70362765229295,0.970677150533191,1617,0,0.962852874449794,0.978565007769902
0.711841204654346,0.970076483979643,1616,1,0.962170037750332,0.978047899901966
0.714579055441478,0.970076483979643,1615,0,0.962170037750332,0.978047899901966
0.717316906228611,0.970076483979643,1614,0,0.962170037750332,0.978047899901966
0.733744010951403,0.970076483979643,1613,0,0.962170037750332,0.978047899901966
0.736481861738535,0.970076483979643,1612,0,0.962170037750332,0.978047899901966
0.739219712525667,0.970076483979643,1611,0,0.962170037750332,0.978047899901966
0.741957563312799,0.970076483979643,1610,0,0.962170037750332,0.978047899901966
0.772073921971253,0.970076483979643,1609,0,0.962170037750332,0.978047899901966
0.774811772758385,0.970076483979643,1608,0,0.962170037750332,0.978047899901966
0.777549623545517,0.970076483979643,1607,0,0.962170037750332,0.978047899901966
0.780287474332649,0.970076483979643,1606,0,0.962170037750332,0.978047899901966
0.791238877481177,0.970076483979643,1605,0,0.962170037750332,0.978047899901966
0.815879534565366,0.970076483979643,1604,0,0.962170037750332,0.978047899901966
0.832306639288159,0.970076483979643,1603,0,0.962170037750332,0.978047899901966
0.835044490075291,0.970076483979643,1601,0,0.962170037750332,0.978047899901966
0.837782340862423,0.970076483979643,1600,0,0.962170037750332,0.978047899901966
0.848733744010951,0.969469807004046,1599,1,0.961480477372336,0.977525523202583
0.854209445585216,0.969469807004046,1598,0,0.961480477372336,0.977525523202583
0.865160848733744,0.969469807004046,1596,0,0.961480477372336,0.977525523202583
0.867898699520876,0.969469807004046,1595,0,0.961480477372336,0.977525523202583
0.870636550308008,0.969469807004046,1594,0,0.961480477372336,0.977525523202583
0.87337440109514,0.969469807004046,1589,0,0.961480477372336,0.977525523202583
0.895277207392197,0.969469807004046,1588,0,0.961480477372336,0.977525523202583
0.903490759753593,0.969469807004046,1587,0,0.961480477372336,0.977525523202583
0.914442162902122,0.969469807004046,1586,0,0.961480477372336,0.977525523202583
0.922655715263518,0.969469807004046,1584,0,0.961480477372336,0.977525523202583
0.92539356605065,0.969469807004046,1583,0,0.961480477372336,0.977525523202583
0.928131416837782,0.969469807004046,1582,0,0.961480477372336,0.977525523202583
0.930869267624914,0.969469807004046,1580,0,0.961480477372336,0.977525523202583
0.933607118412047,0.969469807004046,1579,0,0.961480477372336,0.977525523202583
0.941820670773443,0.969469807004046,1578,0,0.961480477372336,0.977525523202583
0.947296372347707,0.969469807004046,1577,0,0.961480477372336,0.977525523202583
0.950034223134839,0.969469807004046,1576,0,0.961480477372336,0.977525523202583
0.952772073921971,0.969469807004046,1575,0,0.961480477372336,0.977525523202583
0.960985626283368,0.969469807004046,1573,0,0.961480477372336,0.977525523202583
0.9637234770705,0.969469807004046,1572,0,0.961480477372336,0.977525523202583
0.966461327857632,0.969469807004046,1570,0,0.961480477372336,0.977525523202583
0.980150581793292,0.969469807004046,1568,0,0.961480477372336,0.977525523202583
0.982888432580424,0.969469807004046,1565,0,0.961480477372336,0.977525523202583
0.985626283367556,0.969469807004046,1561,0,0.961480477372336,0.977525523202583
0.988364134154689,0.969469807004046,1560,0,0.961480477372336,0.977525523202583
0.993839835728953,0.969469807004046,1558,0,0.961480477372336,0.977525523202583
0.999315537303217,0.96884715459107,1557,1,0.960771430188542,0.976990759160073
1.00752908966461,0.96884715459107,1554,0,0.960771430188542,0.976990759160073
1.01574264202601,0.96884715459107,1553,0,0.960771430188542,0.976990759160073
1.02395619438741,0.96884715459107,1552,0,0.960771430188542,0.976990759160073
1.02943189596167,0.96884715459107,1550,0,0.960771430188542,0.976990759160073
1.03764544832307,0.96884715459107,1549,0,0.960771430188542,0.976990759160073
1.0403832991102,0.968220879765866,1547,1,0.960058780047204,0.976452370935553
1.04312114989733,0.968220879765866,1545,0,0.960058780047204,0.976452370935553
1.04585900068446,0.968220879765866,1543,0,0.960058780047204,0.976452370935553
1.05954825462012,0.967592980362645,1542,1,0.959345081558905,0.975911789869932
1.06228610540726,0.967592980362645,1538,0,0.959345081558905,0.975911789869932
1.06502395619439,0.967592980362645,1537,0,0.959345081558905,0.975911789869932
1.06776180698152,0.967592980362645,1535,0,0.959345081558905,0.975911789869932
1.07597535934292,0.967592980362645,1534,0,0.959345081558905,0.975911789869932
1.07871321013005,0.967592980362645,1533,0,0.959345081558905,0.975911789869932
1.08145106091718,0.967592980362645,1531,0,0.959345081558905,0.975911789869932
1.08418891170431,0.967592980362645,1527,0,0.959345081558905,0.975911789869932
1.08692676249144,0.967592980362645,1524,0,0.959345081558905,0.975911789869932
1.09787816563997,0.967592980362645,1523,0,0.959345081558905,0.975911789869932
1.1006160164271,0.967592980362645,1521,0,0.959345081558905,0.975911789869932
1.10335386721424,0.967592980362645,1520,0,0.959345081558905,0.975911789869932
1.10609171800137,0.967592980362645,1518,0,0.959345081558905,0.975911789869932
1.11430527036277,0.967592980362645,1516,0,0.959345081558905,0.975911789869932
1.1170431211499,0.967592980362645,1515,0,0.959345081558905,0.975911789869932
1.11978097193703,0.967592980362645,1514,0,0.959345081558905,0.975911789869932
1.12251882272416,0.967592980362645,1512,0,0.959345081558905,0.975911789869932
1.12525667351129,0.967592980362645,1511,0,0.959345081558905,0.975911789869932
1.12799452429843,0.967592980362645,1509,0,0.959345081558905,0.975911789869932
1.13347022587269,0.967592980362645,1508,0,0.959345081558905,0.975911789869932
1.13620807665982,0.967592980362645,1507,0,0.959345081558905,0.975911789869932
1.14168377823409,0.967592980362645,1505,0,0.959345081558905,0.975911789869932
1.14442162902122,0.967592980362645,1504,0,0.959345081558905,0.975911789869932
1.14989733059548,0.967592980362645,1503,0,0.959345081558905,0.975911789869932
1.15263518138261,0.967592980362645,1502,0,0.959345081558905,0.975911789869932
1.15811088295688,0.967592980362645,1500,0,0.959345081558905,0.975911789869932
1.16084873374401,0.967592980362645,1498,0,0.959345081558905,0.975911789869932
1.16358658453114,0.967592980362645,1496,0,0.959345081558905,0.975911789869932
1.16632443531828,0.966945327765348,1494,1,0.958607080108743,0.975356103964069
1.17453798767967,0.966945327765348,1493,0,0.958607080108743,0.975356103964069
1.18275154004107,0.966945327765348,1492,0,0.958607080108743,0.975356103964069
1.19096509240246,0.966945327765348,1491,0,0.958607080108743,0.975356103964069
1.1937029431896,0.966945327765348,1490,0,0.958607080108743,0.975356103964069
1.20191649555099,0.966945327765348,1489,0,0.958607080108743,0.975356103964069
1.21013004791239,0.966295061909419,1487,1,0.957866830857116,0.9747974526219
1.21286789869952,0.965644796053491,1486,1,0.957127669109469,0.974237713776237
1.21834360027379,0.965644796053491,1485,0,0.957127669109469,0.974237713776237
1.22108145106092,0.965644796053491,1482,0,0.957127669109469,0.974237713776237
1.22381930184805,0.964992773908958,1481,1,0.956387316845283,0.973675661831418
1.23203285420945,0.964992773908958,1480,0,0.956387316845283,0.973675661831418
1.24024640657084,0.964992773908958,1476,0,0.956387316845283,0.973675661831418
1.24572210814511,0.964992773908958,1474,0,0.956387316845283,0.973675661831418
1.25119780971937,0.964992773908958,1473,0,0.956387316845283,0.973675661831418
1.2539356605065,0.964992773908958,1470,0,0.956387316845283,0.973675661831418
1.25667351129363,0.964334973790411,1467,1,0.955640622183376,0.973108426000865
1.25941136208077,0.964334973790411,1465,0,0.955640622183376,0.973108426000865
1.26762491444216,0.964334973790411,1464,0,0.955640622183376,0.973108426000865
1.27857631759069,0.964334973790411,1463,0,0.955640622183376,0.973108426000865
1.28678986995209,0.963675373945137,1462,1,0.954892669822248,0.972538857713894
1.28952772073922,0.963675373945137,1460,0,0.954892669822248,0.972538857713894
1.29226557152635,0.963675373945137,1458,0,0.954892669822248,0.972538857713894
1.29774127310062,0.963675373945137,1456,0,0.954892669822248,0.972538857713894
1.30595482546201,0.963675373945137,1455,0,0.954892669822248,0.972538857713894
1.30869267624914,0.963675373945137,1454,0,0.954892669822248,0.972538857713894
1.31143052703628,0.963675373945137,1453,0,0.954892669822248,0.972538857713894
1.31416837782341,0.963675373945137,1452,0,0.954892669822248,0.972538857713894
1.32785763175907,0.963675373945137,1451,0,0.954892669822248,0.972538857713894
1.3388090349076,0.963675373945137,1450,0,0.954892669822248,0.972538857713894
1.34702258726899,0.963675373945137,1449,0,0.954892669822248,0.972538857713894
1.34976043805613,0.963675373945137,1448,0,0.954892669822248,0.972538857713894
1.35249828884326,0.963675373945137,1447,0,0.954892669822248,0.972538857713894
1.35523613963039,0.963008931777817,1446,1,0.954137018224302,0.971963339615273
1.36344969199179,0.963008931777817,1444,0,0.954137018224302,0.971963339615273
1.36618754277892,0.963008931777817,1442,0,0.954137018224302,0.971963339615273
1.38261464750171,0.963008931777817,1440,0,0.954137018224302,0.971963339615273
1.38809034907598,0.963008931777817,1439,0,0.954137018224302,0.971963339615273
1.39082819986311,0.963008931777817,1437,0,0.954137018224302,0.971963339615273
1.39356605065024,0.963008931777817,1435,0,0.954137018224302,0.971963339615273
1.3990417522245,0.963008931777817,1434,0,0.954137018224302,0.971963339615273
1.40177960301164,0.963008931777817,1433,0,0.954137018224302,0.971963339615273
1.40451745379877,0.963008931777817,1431,0,0.954137018224302,0.971963339615273
1.4072553045859,0.963008931777817,1429,0,0.954137018224302,0.971963339615273
1.4154688569473,0.962334555775171,1428,1,0.953372287000371,0.971381075227998
1.42368240930869,0.962334555775171,1427,0,0.953372287000371,0.971381075227998
1.42642026009582,0.962334555775171,1425,0,0.953372287000371,0.971381075227998
1.44284736481862,0.962334555775171,1424,0,0.953372287000371,0.971381075227998
1.44558521560575,0.962334555775171,1422,0,0.953372287000371,0.971381075227998
1.44832306639288,0.962334555775171,1421,0,0.953372287000371,0.971381075227998
1.45379876796715,0.961656377793652,1419,1,0.952603759471377,0.970795023383481
1.45927446954141,0.961656377793652,1418,0,0.952603759471377,0.970795023383481
1.46201232032854,0.961656377793652,1417,0,0.952603759471377,0.970795023383481
1.46475017111567,0.960977241933629,1416,1,0.951835051205816,0.970207241627079
1.46748802190281,0.960977241933629,1414,0,0.951835051205816,0.970207241627079
1.47022587268994,0.960977241933629,1413,0,0.951835051205816,0.970207241627079
1.4757015742642,0.960296180812485,1411,1,0.951064911880403,0.96961705070138
1.48117727583847,0.960296180812485,1410,0,0.951064911880403,0.96961705070138
1.4839151266256,0.960296180812485,1409,0,0.951064911880403,0.96961705070138
1.48665297741273,0.960296180812485,1407,0,0.951064911880403,0.96961705070138
1.49760438056126,0.960296180812485,1405,0,0.951064911880403,0.96961705070138
1.50308008213552,0.960296180812485,1404,0,0.951064911880403,0.96961705070138
1.50855578370979,0.960296180812485,1402,0,0.951064911880403,0.96961705070138
1.51676933607118,0.960296180812485,1401,0,0.951064911880403,0.96961705070138
1.51950718685832,0.959610254969048,1400,1,0.95028959956673,0.969022329468415
1.53319644079398,0.959610254969048,1398,0,0.95028959956673,0.969022329468415
1.53593429158111,0.959610254969048,1397,0,0.95028959956673,0.969022329468415
1.53867214236824,0.959610254969048,1395,0,0.95028959956673,0.969022329468415
1.54140999315537,0.959610254969048,1394,0,0.95028959956673,0.969022329468415
1.5523613963039,0.959610254969048,1392,0,0.95028959956673,0.969022329468415
1.55783709787817,0.959610254969048,1390,0,0.95028959956673,0.969022329468415
1.5605749486653,0.959610254969048,1389,0,0.95028959956673,0.969022329468415
1.56331279945243,0.959610254969048,1387,0,0.95028959956673,0.969022329468415
1.56605065023956,0.959610254969048,1386,0,0.95028959956673,0.969022329468415
1.57152635181383,0.958917395579178,1385,1,0.949506493739409,0.968421572266483
1.57426420260096,0.958917395579178,1384,0,0.949506493739409,0.968421572266483
1.57700205338809,0.958917395579178,1383,0,0.949506493739409,0.968421572266483
1.57973990417522,0.957528666548651,1381,2,0.947939465862494,0.967214870021494
1.58521560574949,0.957528666548651,1379,0,0.947939465862494,0.967214870021494
1.59616700889802,0.957528666548651,1378,0,0.947939465862494,0.967214870021494
1.59890485968515,0.957528666548651,1377,0,0.947939465862494,0.967214870021494
1.60711841204654,0.957528666548651,1374,0,0.947939465862494,0.967214870021494
1.60985626283368,0.956831267665513,1373,1,0.947153573790365,0.966607844933314
1.61533196440794,0.956831267665513,1372,0,0.947153573790365,0.966607844933314
1.61806981519507,0.956831267665513,1369,0,0.947153573790365,0.966607844933314
1.6208076659822,0.956831267665513,1368,0,0.947153573790365,0.966607844933314
1.62354551676934,0.956831267665513,1366,0,0.947153573790365,0.966607844933314
1.62628336755647,0.956831267665513,1364,0,0.947153573790365,0.966607844933314
1.63175906913073,0.956831267665513,1363,0,0.947153573790365,0.966607844933314
1.63449691991786,0.956831267665513,1362,0,0.947153573790365,0.966607844933314
1.637234770705,0.956831267665513,1360,0,0.947153573790365,0.966607844933314
1.63997262149213,0.956831267665513,1359,0,0.947153573790365,0.966607844933314
1.64271047227926,0.956831267665513,1358,0,0.947153573790365,0.966607844933314
1.65366187542779,0.956831267665513,1356,0,0.947153573790365,0.966607844933314
1.65639972621492,0.956831267665513,1355,0,0.947153573790365,0.966607844933314
1.65913757700205,0.956831267665513,1351,0,0.947153573790365,0.966607844933314
1.66187542778919,0.956831267665513,1350,0,0.947153573790365,0.966607844933314
1.66735112936345,0.956831267665513,1349,0,0.947153573790365,0.966607844933314
1.67008898015058,0.956831267665513,1348,0,0.947153573790365,0.966607844933314
1.67282683093771,0.956831267665513,1346,0,0.947153573790365,0.966607844933314
1.67556468172485,0.956831267665513,1344,0,0.947153573790365,0.966607844933314
1.67830253251198,0.956831267665513,1343,0,0.947153573790365,0.966607844933314
1.68104038329911,0.956831267665513,1342,0,0.947153573790365,0.966607844933314
1.68925393566051,0.956831267665513,1341,0,0.947153573790365,0.966607844933314
1.69199178644764,0.956831267665513,1339,0,0.947153573790365,0.966607844933314
1.69472963723477,0.956831267665513,1337,0,0.947153573790365,0.966607844933314
1.70020533880904,0.956115076596901,1336,1,0.946344887890587,0.965986134012474
1.70294318959617,0.956115076596901,1335,0,0.946344887890587,0.965986134012474
1.7056810403833,0.956115076596901,1334,0,0.946344887890587,0.965986134012474
1.7138945927447,0.956115076596901,1333,0,0.946344887890587,0.965986134012474
1.71663244353183,0.956115076596901,1332,0,0.946344887890587,0.965986134012474
1.72758384668036,0.956115076596901,1329,0,0.946344887890587,0.965986134012474
1.73032169746749,0.956115076596901,1328,0,0.946344887890587,0.965986134012474
1.73305954825462,0.956115076596901,1327,0,0.946344887890587,0.965986134012474
1.74948665297741,0.956115076596901,1326,0,0.946344887890587,0.965986134012474
1.75770020533881,0.956115076596901,1324,0,0.946344887890587,0.965986134012474
1.76591375770021,0.956115076596901,1323,0,0.946344887890587,0.965986134012474
1.76865160848734,0.956115076596901,1322,0,0.946344887890587,0.965986134012474
1.77138945927447,0.956115076596901,1321,0,0.946344887890587,0.965986134012474
1.7741273100616,0.956115076596901,1320,0,0.946344887890587,0.965986134012474
1.77960301163587,0.955390197842847,1319,1,0.94552622932387,0.965357069773624
1.782340862423,0.955390197842847,1318,0,0.94552622932387,0.965357069773624
1.78507871321013,0.955390197842847,1317,0,0.94552622932387,0.965357069773624
1.78781656399726,0.955390197842847,1314,0,0.94552622932387,0.965357069773624
1.79055441478439,0.955390197842847,1312,0,0.94552622932387,0.965357069773624
1.79329226557153,0.955390197842847,1310,0,0.94552622932387,0.965357069773624
1.79603011635866,0.955390197842847,1309,0,0.94552622932387,0.965357069773624
1.80424366872005,0.955390197842847,1307,0,0.94552622932387,0.965357069773624
1.80971937029432,0.955390197842847,1304,0,0.94552622932387,0.965357069773624
1.81245722108145,0.955390197842847,1300,0,0.94552622932387,0.965357069773624
1.82340862422998,0.954654716551205,1299,1,0.944695185045591,0.964719247287662
1.83436002737851,0.954654716551205,1298,0,0.944695185045591,0.964719247287662
1.83983572895277,0.954654716551205,1296,0,0.944695185045591,0.964719247287662
1.8507871321013,0.954654716551205,1295,0,0.944695185045591,0.964719247287662
1.85352498288843,0.954654716551205,1294,0,0.944695185045591,0.964719247287662
1.86173853524983,0.954654716551205,1293,0,0.944695185045591,0.964719247287662
1.86721423682409,0.954654716551205,1291,0,0.944695185045591,0.964719247287662
1.86995208761123,0.954654716551205,1290,0,0.944695185045591,0.964719247287662
1.88090349075975,0.954654716551205,1289,0,0.944695185045591,0.964719247287662
1.89185489390828,0.954654716551205,1288,0,0.944695185045591,0.964719247287662
1.9192334017796,0.954654716551205,1287,0,0.944695185045591,0.964719247287662
1.92470910335387,0.954654716551205,1286,0,0.944695185045591,0.964719247287662
1.94113620807666,0.954654716551205,1284,0,0.944695185045591,0.964719247287662
1.94661190965092,0.953910636491539,1283,1,0.943854317387552,0.96407410089545
1.94934976043806,0.953910636491539,1281,0,0.943854317387552,0.96407410089545
1.95756331279945,0.953910636491539,1280,0,0.943854317387552,0.96407410089545
1.96303901437372,0.953910636491539,1279,0,0.943854317387552,0.96407410089545
1.96577686516085,0.953910636491539,1278,0,0.943854317387552,0.96407410089545
1.97946611909651,0.953910636491539,1277,0,0.943854317387552,0.96407410089545
1.98220396988364,0.953910636491539,1275,0,0.943854317387552,0.96407410089545
1.98494182067077,0.953910636491539,1274,0,0.943854317387552,0.96407410089545
1.99863107460643,0.953910636491539,1273,0,0.943854317387552,0.96407410089545
2.00136892539357,0.953910636491539,1272,0,0.943854317387552,0.96407410089545
2.00684462696783,0.953910636491539,1271,0,0.943854317387552,0.96407410089545
2.01779603011636,0.953910636491539,1269,0,0.943854317387552,0.96407410089545
2.02053388090349,0.953910636491539,1268,0,0.943854317387552,0.96407410089545
2.02327173169062,0.953910636491539,1265,0,0.943854317387552,0.96407410089545
2.03696098562628,0.953910636491539,1264,0,0.943854317387552,0.96407410089545
2.05065023956194,0.953910636491539,1262,0,0.943854317387552,0.96407410089545
2.05338809034908,0.953910636491539,1261,0,0.943854317387552,0.96407410089545
2.05612594113621,0.953910636491539,1259,0,0.943854317387552,0.96407410089545
2.0643394934976,0.953910636491539,1258,0,0.943854317387552,0.96407410089545
2.06981519507187,0.953910636491539,1257,0,0.943854317387552,0.96407410089545
2.07529089664613,0.953151153500702,1256,1,0.942994996131687,0.96341669377517
2.08350444900753,0.953151153500702,1255,0,0.942994996131687,0.96341669377517
2.08624229979466,0.953151153500702,1253,0,0.942994996131687,0.96341669377517
2.09171800136893,0.953151153500702,1252,0,0.942994996131687,0.96341669377517
2.10266940451745,0.953151153500702,1251,0,0.942994996131687,0.96341669377517
2.11088295687885,0.952388022072759,1249,1,0.942132195575134,0.962755491052876
2.11635865845311,0.952388022072759,1248,0,0.942132195575134,0.962755491052876
2.11909650924025,0.952388022072759,1246,0,0.942132195575134,0.962755491052876
2.12183436002738,0.952388022072759,1244,0,0.942132195575134,0.962755491052876
2.13278576317591,0.952388022072759,1242,0,0.942132195575134,0.962755491052876
2.13552361396304,0.951618726416804,1238,1,0.941262716237847,0.962088676035809
2.1409993155373,0.951618726416804,1236,0,0.941262716237847,0.962088676035809
2.14373716632444,0.950848184937924,1235,1,0.940392802834221,0.961419811035205
2.15468856947296,0.950077643459044,1234,1,0.93952400867521,0.960749826790996
2.1574264202601,0.950077643459044,1233,0,0.93952400867521,0.960749826790996
2.16016427104723,0.950077643459044,1231,0,0.93952400867521,0.960749826790996
2.17111567419576,0.950077643459044,1229,0,0.93952400867521,0.960749826790996
2.17385352498289,0.950077643459044,1227,0,0.93952400867521,0.960749826790996
2.18754277891855,0.950077643459044,1226,0,0.93952400867521,0.960749826790996
2.19301848049281,0.950077643459044,1225,0,0.93952400867521,0.960749826790996
2.21218343600274,0.950077643459044,1222,0,0.93952400867521,0.960749826790996
2.21492128678987,0.950077643459044,1219,0,0.93952400867521,0.960749826790996
2.2258726899384,0.950077643459044,1218,0,0.93952400867521,0.960749826790996
2.22861054072553,0.950077643459044,1216,0,0.93952400867521,0.960749826790996
2.23134839151266,0.950077643459044,1214,0,0.93952400867521,0.960749826790996
2.24503764544832,0.949294397256687,1213,1,0.938640242231595,0.960069483618612
2.25325119780972,0.949294397256687,1212,0,0.938640242231595,0.960069483618612
2.25598904859685,0.949294397256687,1211,0,0.938640242231595,0.960069483618612
2.26420260095825,0.949294397256687,1209,0,0.938640242231595,0.960069483618612
2.26694045174538,0.949294397256687,1208,0,0.938640242231595,0.960069483618612
2.27241615331964,0.949294397256687,1205,0,0.938640242231595,0.960069483618612
2.27789185489391,0.948504634862962,1202,1,0.937749363487802,0.959383261013777
2.2861054072553,0.948504634862962,1201,0,0.937749363487802,0.959383261013777
2.29158110882957,0.948504634862962,1199,0,0.937749363487802,0.959383261013777
2.2943189596167,0.948504634862962,1198,0,0.937749363487802,0.959383261013777
2.31074606433949,0.948504634862962,1197,0,0.937749363487802,0.959383261013777
2.32169746748802,0.948504634862962,1196,0,0.937749363487802,0.959383261013777
2.32443531827515,0.948504634862962,1195,0,0.937749363487802,0.959383261013777
2.33812457221081,0.948504634862962,1193,0,0.937749363487802,0.959383261013777
2.34086242299795,0.948504634862962,1192,0,0.937749363487802,0.959383261013777
2.34360027378508,0.948504634862962,1191,0,0.937749363487802,0.959383261013777
2.34907597535934,0.948504634862962,1189,0,0.937749363487802,0.959383261013777
2.35181382614648,0.948504634862962,1188,0,0.937749363487802,0.959383261013777
2.36550308008214,0.947705557664257,1187,1,0.936847838309573,0.958689113963602
2.36824093086927,0.947705557664257,1186,0,0.936847838309573,0.958689113963602
2.38466803559206,0.947705557664257,1185,0,0.936847838309573,0.958689113963602
2.39014373716632,0.947705557664257,1184,0,0.936847838309573,0.958689113963602
2.39835728952772,0.947705557664257,1183,0,0.936847838309573,0.958689113963602
2.40383299110198,0.947705557664257,1182,0,0.936847838309573,0.958689113963602
2.40657084188912,0.947705557664257,1180,0,0.936847838309573,0.958689113963602
2.40930869267625,0.947705557664257,1179,0,0.936847838309573,0.958689113963602
2.41752224503765,0.947705557664257,1178,0,0.936847838309573,0.958689113963602
2.42026009582478,0.947705557664257,1177,0,0.936847838309573,0.958689113963602
2.42299794661191,0.947705557664257,1175,0,0.936847838309573,0.958689113963602
2.42573579739904,0.946898312725872,1174,1,0.935937136459227,0.957987860205143
2.42847364818617,0.946898312725872,1172,0,0.935937136459227,0.957987860205143
2.4476386036961,0.946898312725872,1170,0,0.935937136459227,0.957987860205143
2.4558521560575,0.946898312725872,1169,0,0.935937136459227,0.957987860205143
2.45859000684463,0.946898312725872,1167,0,0.935937136459227,0.957987860205143
2.46132785763176,0.946898312725872,1166,0,0.935937136459227,0.957987860205143
2.46406570841889,0.946898312725872,1165,0,0.935937136459227,0.957987860205143
2.48596851471595,0.946898312725872,1164,0,0.935937136459227,0.957987860205143
2.48870636550308,0.946898312725872,1163,0,0.935937136459227,0.957987860205143
2.49691991786448,0.946898312725872,1162,0,0.935937136459227,0.957987860205143
2.50239561943874,0.946898312725872,1161,0,0.935937136459227,0.957987860205143
2.51060917180014,0.946898312725872,1160,0,0.935937136459227,0.957987860205143
2.51882272416153,0.946898312725872,1159,0,0.935937136459227,0.957987860205143
2.52156057494867,0.946898312725872,1156,0,0.935937136459227,0.957987860205143
2.53524982888433,0.946898312725872,1155,0,0.935937136459227,0.957987860205143
2.54346338124572,0.946898312725872,1153,0,0.935937136459227,0.957987860205143
2.56262833675565,0.946898312725872,1152,0,0.935937136459227,0.957987860205143
2.57084188911704,0.946898312725872,1151,0,0.935937136459227,0.957987860205143
2.57357973990418,0.946898312725872,1150,0,0.935937136459227,0.957987860205143
2.57631759069131,0.946898312725872,1149,0,0.935937136459227,0.957987860205143
2.57905544147844,0.946898312725872,1147,0,0.935937136459227,0.957987860205143
2.5927446954141,0.946898312725872,1146,0,0.935937136459227,0.957987860205143
2.59548254620123,0.946898312725872,1145,0,0.935937136459227,0.957987860205143
2.59822039698836,0.946898312725872,1143,0,0.935937136459227,0.957987860205143
2.6009582477755,0.946898312725872,1142,0,0.935937136459227,0.957987860205143
2.60917180013689,0.946898312725872,1141,0,0.935937136459227,0.957987860205143
2.61190965092402,0.946898312725872,1140,0,0.935937136459227,0.957987860205143
2.61464750171116,0.946898312725872,1139,0,0.935937136459227,0.957987860205143
2.63655030800821,0.946898312725872,1138,0,0.935937136459227,0.957987860205143
2.64750171115674,0.946065508580994,1137,1,0.934995198548245,0.957266890692415
2.65023956194387,0.946065508580994,1135,0,0.934995198548245,0.957266890692415
2.65297741273101,0.946065508580994,1134,0,0.934995198548245,0.957266890692415
2.66392881587953,0.946065508580994,1133,0,0.934995198548245,0.957266890692415
2.68583162217659,0.946065508580994,1132,0,0.934995198548245,0.957266890692415
2.68856947296372,0.946065508580994,1131,0,0.934995198548245,0.957266890692415
2.69678302532512,0.946065508580994,1130,0,0.934995198548245,0.957266890692415
2.70499657768652,0.946065508580994,1129,0,0.934995198548245,0.957266890692415
2.71047227926078,0.946065508580994,1127,0,0.934995198548245,0.957266890692415
2.71321013004791,0.946065508580994,1125,0,0.934995198548245,0.957266890692415
2.72689938398357,0.946065508580994,1124,0,0.934995198548245,0.957266890692415
2.74332648870637,0.946065508580994,1123,0,0.934995198548245,0.957266890692415
2.74880219028063,0.946065508580994,1122,0,0.934995198548245,0.957266890692415
2.75427789185489,0.946065508580994,1121,0,0.934995198548245,0.957266890692415
2.76249144421629,0.945220807234047,1120,1,0.934039422730949,0.956536044073956
2.76522929500342,0.945220807234047,1118,0,0.934039422730949,0.956536044073956
2.76796714579055,0.944373835184554,1116,1,0.933082081800673,0.955802236455014
2.78165639972621,0.944373835184554,1114,0,0.933082081800673,0.955802236455014
2.78986995208761,0.944373835184554,1113,0,0.933082081800673,0.955802236455014
2.79260780287474,0.944373835184554,1112,0,0.933082081800673,0.955802236455014
2.80082135523614,0.944373835184554,1111,0,0.933082081800673,0.955802236455014
2.8062970568104,0.944373835184554,1109,0,0.933082081800673,0.955802236455014
2.80903490759754,0.943521512228611,1108,1,0.932119246331974,0.955063257776687
2.81177275838467,0.943521512228611,1106,0,0.932119246331974,0.955063257776687
2.83093771389459,0.943521512228611,1103,0,0.932119246331974,0.955063257776687
2.84462696783025,0.943521512228611,1101,0,0.932119246331974,0.955063257776687
2.84736481861739,0.943521512228611,1100,0,0.932119246331974,0.955063257776687
2.86926762491444,0.943521512228611,1099,0,0.932119246331974,0.955063257776687
2.87748117727584,0.943521512228611,1098,0,0.932119246331974,0.955063257776687
2.88021902806297,0.943521512228611,1097,0,0.932119246331974,0.955063257776687
2.88569472963723,0.943521512228611,1095,0,0.932119246331974,0.955063257776687
2.88843258042437,0.943521512228611,1094,0,0.932119246331974,0.955063257776687
2.8993839835729,0.942658272052739,1093,1,0.931143850480724,0.954315079684726
2.90485968514716,0.942658272052739,1092,0,0.931143850480724,0.954315079684726
2.91033538672142,0.942658272052739,1091,0,0.931143850480724,0.954315079684726
2.91581108829569,0.942658272052739,1090,0,0.931143850480724,0.954315079684726
2.91854893908282,0.942658272052739,1089,0,0.931143850480724,0.954315079684726
2.93771389459274,0.942658272052739,1087,0,0.931143850480724,0.954315079684726
2.94045174537988,0.942658272052739,1084,0,0.931143850480724,0.954315079684726
2.94318959616701,0.942658272052739,1083,0,0.931143850480724,0.954315079684726
2.95687885010267,0.942658272052739,1081,0,0.931143850480724,0.954315079684726
2.9596167008898,0.942658272052739,1080,0,0.931143850480724,0.954315079684726
2.96235455167693,0.942658272052739,1079,0,0.931143850480724,0.954315079684726
2.96509240246407,0.942658272052739,1078,0,0.931143850480724,0.954315079684726
2.97604380561259,0.942658272052739,1077,0,0.931143850480724,0.954315079684726
2.98151950718686,0.942658272052739,1076,0,0.931143850480724,0.954315079684726
2.98425735797399,0.942658272052739,1075,0,0.931143850480724,0.954315079684726
2.99520876112252,0.942658272052739,1074,0,0.931143850480724,0.954315079684726
2.99794661190965,0.941778926649705,1072,1,0.930149317419697,0.953553940287703
3.00068446269678,0.941778926649705,1071,0,0.930149317419697,0.953553940287703
3.00342231348392,0.941778926649705,1070,0,0.930149317419697,0.953553940287703
3.00889801505818,0.941778926649705,1068,0,0.930149317419697,0.953553940287703
3.02258726899384,0.941778926649705,1067,0,0.930149317419697,0.953553940287703
3.03080082135524,0.941778926649705,1065,0,0.930149317419697,0.953553940287703
3.03353867214237,0.941778926649705,1064,0,0.930149317419697,0.953553940287703
3.0362765229295,0.941778926649705,1061,0,0.930149317419697,0.953553940287703
3.04175222450376,0.941778926649705,1060,0,0.930149317419697,0.953553940287703
3.04996577686516,0.941778926649705,1058,0,0.930149317419697,0.953553940287703
3.05270362765229,0.941778926649705,1057,0,0.930149317419697,0.953553940287703
3.05544147843943,0.941778926649705,1056,0,0.930149317419697,0.953553940287703
3.06365503080082,0.940885398256299,1054,1,0.9291381217229,0.952781197923907
3.06913073237509,0.940885398256299,1053,0,0.9291381217229,0.952781197923907
3.07734428473648,0.940885398256299,1051,0,0.9291381217229,0.952781197923907
3.08008213552361,0.940885398256299,1050,0,0.9291381217229,0.952781197923907
3.09650924024641,0.940885398256299,1048,0,0.9291381217229,0.952781197923907
3.1047227926078,0.940885398256299,1046,0,0.9291381217229,0.952781197923907
3.10746064339493,0.940885398256299,1045,0,0.9291381217229,0.952781197923907
3.11019849418207,0.940885398256299,1044,0,0.9291381217229,0.952781197923907
3.11567419575633,0.940885398256299,1043,0,0.9291381217229,0.952781197923907
3.13210130047912,0.940885398256299,1041,0,0.9291381217229,0.952781197923907
3.13757700205339,0.940885398256299,1040,0,0.9291381217229,0.952781197923907
3.14305270362765,0.940885398256299,1039,0,0.9291381217229,0.952781197923907
3.15674195756331,0.940885398256299,1038,0,0.9291381217229,0.952781197923907
3.16495550992471,0.940885398256299,1036,0,0.9291381217229,0.952781197923907
3.17043121149897,0.940885398256299,1033,0,0.9291381217229,0.952781197923907
3.1813826146475,0.940885398256299,1031,0,0.9291381217229,0.952781197923907
3.18412046543463,0.940885398256299,1030,0,0.9291381217229,0.952781197923907
3.18685831622177,0.940885398256299,1029,0,0.9291381217229,0.952781197923907
3.20602327173169,0.940885398256299,1028,0,0.9291381217229,0.952781197923907
3.20876112251882,0.940885398256299,1026,0,0.9291381217229,0.952781197923907
3.22245037645448,0.940885398256299,1025,0,0.9291381217229,0.952781197923907
3.22792607802875,0.940885398256299,1024,0,0.9291381217229,0.952781197923907
3.23887748117728,0.940885398256299,1022,0,0.9291381217229,0.952781197923907
3.24709103353867,0.940885398256299,1021,0,0.9291381217229,0.952781197923907
3.25256673511294,0.940885398256299,1016,0,0.9291381217229,0.952781197923907
3.26899383983573,0.940885398256299,1015,0,0.9291381217229,0.952781197923907
3.27994524298426,0.940885398256299,1014,0,0.9291381217229,0.952781197923907
3.28268309377139,0.940885398256299,1013,0,0.9291381217229,0.952781197923907
3.28542094455852,0.940885398256299,1011,0,0.9291381217229,0.952781197923907
3.28815879534565,0.940885398256299,1008,0,0.9291381217229,0.952781197923907
3.29089664613279,0.940885398256299,1007,0,0.9291381217229,0.952781197923907
3.29911019849418,0.940885398256299,1006,0,0.9291381217229,0.952781197923907
3.30184804928131,0.940885398256299,1005,0,0.9291381217229,0.952781197923907
3.30732375085558,0.940885398256299,1003,0,0.9291381217229,0.952781197923907
3.31006160164271,0.940885398256299,1002,0,0.9291381217229,0.952781197923907
3.31827515400411,0.940885398256299,1001,0,0.9291381217229,0.952781197923907
3.34017796030116,0.940885398256299,998,0,0.9291381217229,0.952781197923907
3.34565366187543,0.940885398256299,997,0,0.9291381217229,0.952781197923907
3.35934291581109,0.940885398256299,995,0,0.9291381217229,0.952781197923907
3.36208076659822,0.940885398256299,994,0,0.9291381217229,0.952781197923907
3.36481861738535,0.940885398256299,993,0,0.9291381217229,0.952781197923907
3.36755646817248,0.940885398256299,992,0,0.9291381217229,0.952781197923907
3.37577002053388,0.939935967985606,991,1,0.928056807525939,0.951967182125697
3.37850787132101,0.939935967985606,990,0,0.928056807525939,0.951967182125697
3.38124572210815,0.939935967985606,988,0,0.928056807525939,0.951967182125697
3.38398357289528,0.939935967985606,986,0,0.928056807525939,0.951967182125697
3.38672142368241,0.939935967985606,985,0,0.928056807525939,0.951967182125697
3.39767282683094,0.939935967985606,983,0,0.928056807525939,0.951967182125697
3.40041067761807,0.939935967985606,982,0,0.928056807525939,0.951967182125697
3.40588637919233,0.939935967985606,980,0,0.928056807525939,0.951967182125697
3.41409993155373,0.939935967985606,979,0,0.928056807525939,0.951967182125697
3.41683778234086,0.939935967985606,976,0,0.928056807525939,0.951967182125697
3.41957563312799,0.939935967985606,975,0,0.928056807525939,0.951967182125697
3.42231348391513,0.939935967985606,973,0,0.928056807525939,0.951967182125697
3.43600273785079,0.939935967985606,971,0,0.928056807525939,0.951967182125697
3.44969199178645,0.939935967985606,968,0,0.928056807525939,0.951967182125697
3.46064339493498,0.939935967985606,967,0,0.928056807525939,0.951967182125697
3.46338124572211,0.939935967985606,963,0,0.928056807525939,0.951967182125697
3.47433264887064,0.939935967985606,961,0,0.928056807525939,0.951967182125697
3.48254620123203,0.939935967985606,960,0,0.928056807525939,0.951967182125697
3.49349760438056,0.939935967985606,958,0,0.928056807525939,0.951967182125697
3.49897330595483,0.939935967985606,957,0,0.928056807525939,0.951967182125697
3.50444900752909,0.938952771366375,956,1,0.926933685560519,0.951127702650563
3.51266255989049,0.938952771366375,955,0,0.926933685560519,0.951127702650563
3.51813826146475,0.938952771366375,952,0,0.926933685560519,0.951127702650563
3.53456536618754,0.93796543932498,951,1,0.925807167728099,0.950283380854625
3.54004106776181,0.93796543932498,950,0,0.925807167728099,0.950283380854625
3.5482546201232,0.93796543932498,949,0,0.925807167728099,0.950283380854625
3.55099247091034,0.93796543932498,948,0,0.925807167728099,0.950283380854625
3.55373032169747,0.93796543932498,947,0,0.925807167728099,0.950283380854625
3.55920602327173,0.93796543932498,944,0,0.925807167728099,0.950283380854625
3.564681724846,0.93796543932498,942,0,0.925807167728099,0.950283380854625
3.57289527720739,0.93796543932498,941,0,0.925807167728099,0.950283380854625
3.57563312799452,0.93796543932498,940,0,0.925807167728099,0.950283380854625
3.57837097878166,0.93796543932498,938,0,0.925807167728099,0.950283380854625
3.58932238193018,0.93796543932498,937,0,0.925807167728099,0.950283380854625
3.59479808350445,0.93796543932498,936,0,0.925807167728099,0.950283380854625
3.59753593429158,0.93796543932498,935,0,0.925807167728099,0.950283380854625
3.61122518822724,0.93796543932498,931,0,0.925807167728099,0.950283380854625
3.61396303901437,0.93796543932498,930,0,0.925807167728099,0.950283380854625
3.61670088980151,0.93796543932498,929,0,0.925807167728099,0.950283380854625
3.62217659137577,0.93796543932498,928,0,0.925807167728099,0.950283380854625
3.63039014373717,0.93796543932498,927,0,0.925807167728099,0.950283380854625
3.6331279945243,0.93796543932498,925,0,0.925807167728099,0.950283380854625
3.64407939767283,0.936950325213156,924,1,0.9246466329125,0.94941773502366
3.64681724845996,0.936950325213156,923,0,0.9246466329125,0.94941773502366
3.65229295003422,0.936950325213156,922,0,0.9246466329125,0.94941773502366
3.66598220396988,0.936950325213156,921,0,0.9246466329125,0.94941773502366
3.67419575633128,0.936950325213156,919,0,0.9246466329125,0.94941773502366
3.68240930869268,0.936950325213156,918,0,0.9246466329125,0.94941773502366
3.68788501026694,0.936950325213156,917,0,0.9246466329125,0.94941773502366
3.69062286105407,0.936950325213156,916,0,0.9246466329125,0.94941773502366
3.70704996577687,0.936950325213156,915,0,0.9246466329125,0.94941773502366
3.71252566735113,0.936950325213156,914,0,0.9246466329125,0.94941773502366
3.71800136892539,0.936950325213156,912,0,0.9246466329125,0.94941773502366
3.72895277207392,0.936950325213156,911,0,0.9246466329125,0.94941773502366
3.73169062286105,0.936950325213156,910,0,0.9246466329125,0.94941773502366
3.73716632443532,0.935919576780579,909,1,0.923467899792637,0.948539147270663
3.74264202600958,0.935919576780579,908,0,0.923467899792637,0.948539147270663
3.74811772758385,0.935919576780579,907,0,0.923467899792637,0.948539147270663
3.76180698151951,0.935919576780579,905,0,0.923467899792637,0.948539147270663
3.7700205338809,0.935919576780579,904,0,0.923467899792637,0.948539147270663
3.77275838466804,0.935919576780579,902,0,0.923467899792637,0.948539147270663
3.78097193702943,0.935919576780579,901,0,0.923467899792637,0.948539147270663
3.80013689253936,0.935919576780579,900,0,0.923467899792637,0.948539147270663
3.80561259411362,0.935919576780579,899,0,0.923467899792637,0.948539147270663
3.82477754962355,0.935919576780579,896,0,0.923467899792637,0.948539147270663
3.84394250513347,0.935919576780579,894,0,0.923467899792637,0.948539147270663
3.8466803559206,0.935919576780579,893,0,0.923467899792637,0.948539147270663
3.85215605749487,0.935919576780579,892,0,0.923467899792637,0.948539147270663
3.854893908282,0.935919576780579,890,0,0.923467899792637,0.948539147270663
3.86036960985626,0.935919576780579,889,0,0.923467899792637,0.948539147270663
3.86584531143053,0.935919576780579,887,0,0.923467899792637,0.948539147270663
3.87405886379192,0.935919576780579,884,0,0.923467899792637,0.948539147270663
3.87679671457906,0.935919576780579,882,0,0.923467899792637,0.948539147270663
3.88501026694045,0.935919576780579,880,0,0.923467899792637,0.948539147270663
3.89322381930185,0.935919576780579,879,0,0.923467899792637,0.948539147270663
3.90691307323751,0.935919576780579,878,0,0.923467899792637,0.948539147270663
3.91238877481177,0.935919576780579,877,0,0.923467899792637,0.948539147270663
3.91512662559891,0.935919576780579,876,0,0.923467899792637,0.948539147270663
3.91786447638604,0.935919576780579,875,0,0.923467899792637,0.948539147270663
3.92060232717317,0.935919576780579,874,0,0.923467899792637,0.948539147270663
3.9233401779603,0.935919576780579,873,0,0.923467899792637,0.948539147270663
3.9315537303217,0.935919576780579,872,0,0.923467899792637,0.948539147270663
3.93429158110883,0.935919576780579,871,0,0.923467899792637,0.948539147270663
3.93702943189596,0.935919576780579,870,0,0.923467899792637,0.948539147270663
3.94798083504449,0.935919576780579,867,0,0.923467899792637,0.948539147270663
3.95071868583162,0.935919576780579,866,0,0.923467899792637,0.948539147270663
3.96167008898015,0.935919576780579,864,0,0.923467899792637,0.948539147270663
3.96988364134155,0.935919576780579,862,0,0.923467899792637,0.948539147270663
3.97262149212868,0.935919576780579,860,0,0.923467899792637,0.948539147270663
3.97809719370294,0.934830031289565,859,1,0.922214675797986,0.947617957439967
3.98631074606434,0.934830031289565,858,0,0.922214675797986,0.947617957439967
3.98904859685147,0.934830031289565,855,0,0.922214675797986,0.947617957439967
3.9917864476386,0.934830031289565,853,0,0.922214675797986,0.947617957439967
3.99452429842574,0.934830031289565,852,0,0.922214675797986,0.947617957439967
4,0.934830031289565,851,0,0.922214675797986,0.947617957439967
4.00273785078713,0.933730231252754,850,1,0.920950571501094,0.946687229190004
4.0082135523614,0.933730231252754,849,0,0.920950571501094,0.946687229190004
4.01095140314853,0.933730231252754,848,0,0.920950571501094,0.946687229190004
4.02464065708419,0.933730231252754,847,0,0.920950571501094,0.946687229190004
4.03011635865845,0.933730231252754,846,0,0.920950571501094,0.946687229190004
4.03285420944558,0.933730231252754,845,0,0.920950571501094,0.946687229190004
4.03832991101985,0.933730231252754,844,0,0.920950571501094,0.946687229190004
4.05201916495551,0.932619969384439,841,1,0.919675325994635,0.945746811630462
4.05749486652977,0.932619969384439,839,0,0.919675325994635,0.945746811630462
4.07118412046543,0.932619969384439,836,0,0.919675325994635,0.945746811630462
4.08487337440109,0.932619969384439,835,0,0.919675325994635,0.945746811630462
4.09308692676249,0.932619969384439,834,0,0.919675325994635,0.945746811630462
4.09582477754962,0.932619969384439,833,0,0.919675325994635,0.945746811630462
4.10130047912389,0.932619969384439,832,0,0.919675325994635,0.945746811630462
4.10403832991102,0.932619969384439,831,0,0.919675325994635,0.945746811630462
4.10677618069815,0.932619969384439,829,0,0.919675325994635,0.945746811630462
4.10951403148528,0.932619969384439,828,0,0.919675325994635,0.945746811630462
4.11225188227242,0.932619969384439,824,0,0.919675325994635,0.945746811630462
4.12594113620808,0.932619969384439,823,0,0.919675325994635,0.945746811630462
4.13415468856947,0.932619969384439,822,0,0.919675325994635,0.945746811630462
4.14236824093087,0.932619969384439,821,0,0.919675325994635,0.945746811630462
4.14784394250513,0.932619969384439,820,0,0.919675325994635,0.945746811630462
4.1533196440794,0.932619969384439,819,0,0.919675325994635,0.945746811630462
4.16153319644079,0.932619969384439,818,0,0.919675325994635,0.945746811630462
4.16427104722793,0.932619969384439,817,0,0.919675325994635,0.945746811630462
4.16700889801506,0.932619969384439,815,0,0.919675325994635,0.945746811630462
4.16974674880219,0.932619969384439,814,0,0.919675325994635,0.945746811630462
4.18069815195072,0.932619969384439,813,0,0.919675325994635,0.945746811630462
4.19164955509925,0.932619969384439,812,0,0.919675325994635,0.945746811630462
4.19986310746064,0.932619969384439,809,0,0.919675325994635,0.945746811630462
4.20533880903491,0.932619969384439,808,0,0.919675325994635,0.945746811630462
4.21629021218344,0.932619969384439,807,0,0.919675325994635,0.945746811630462
4.21902806297057,0.932619969384439,806,0,0.919675325994635,0.945746811630462
4.2217659137577,0.932619969384439,805,0,0.919675325994635,0.945746811630462
4.22450376454483,0.932619969384439,804,0,0.919675325994635,0.945746811630462
4.2299794661191,0.932619969384439,799,0,0.919675325994635,0.945746811630462
4.24093086926762,0.932619969384439,798,0,0.919675325994635,0.945746811630462
4.24366872005476,0.932619969384439,796,0,0.919675325994635,0.945746811630462
4.24640657084189,0.932619969384439,794,0,0.919675325994635,0.945746811630462
4.25735797399042,0.932619969384439,793,0,0.919675325994635,0.945746811630462
4.26830937713895,0.932619969384439,792,0,0.919675325994635,0.945746811630462
4.27926078028747,0.932619969384439,791,0,0.919675325994635,0.945746811630462
4.28473648186174,0.932619969384439,789,0,0.919675325994635,0.945746811630462
4.28747433264887,0.932619969384439,787,0,0.919675325994635,0.945746811630462
4.29295003422313,0.932619969384439,786,0,0.919675325994635,0.945746811630462
4.29568788501027,0.932619969384439,785,0,0.919675325994635,0.945746811630462
4.2984257357974,0.932619969384439,782,0,0.919675325994635,0.945746811630462
4.30116358658453,0.932619969384439,781,0,0.919675325994635,0.945746811630462
4.30390143737166,0.932619969384439,780,0,0.919675325994635,0.945746811630462
4.3066392881588,0.932619969384439,779,0,0.919675325994635,0.945746811630462
4.31485284052019,0.932619969384439,778,0,0.919675325994635,0.945746811630462
4.31759069130732,0.932619969384439,777,0,0.919675325994635,0.945746811630462
4.33401779603012,0.932619969384439,775,0,0.919675325994635,0.945746811630462
4.33675564681725,0.932619969384439,774,0,0.919675325994635,0.945746811630462
4.34496919917864,0.932619969384439,773,0,0.919675325994635,0.945746811630462
4.35318275154004,0.932619969384439,772,0,0.919675325994635,0.945746811630462
4.37234770704997,0.932619969384439,771,0,0.919675325994635,0.945746811630462
4.3750855578371,0.932619969384439,770,0,0.919675325994635,0.945746811630462
4.38329911019849,0.932619969384439,769,0,0.919675325994635,0.945746811630462
4.38877481177276,0.932619969384439,768,0,0.919675325994635,0.945746811630462
4.39151266255989,0.932619969384439,767,0,0.919675325994635,0.945746811630462
4.39972621492129,0.932619969384439,766,0,0.919675325994635,0.945746811630462
4.41067761806982,0.932619969384439,765,0,0.919675325994635,0.945746811630462
4.41341546885695,0.932619969384439,763,0,0.919675325994635,0.945746811630462
4.41889117043121,0.932619969384439,762,0,0.919675325994635,0.945746811630462
4.42162902121834,0.932619969384439,760,0,0.919675325994635,0.945746811630462
4.44079397672827,0.932619969384439,759,0,0.919675325994635,0.945746811630462
4.4517453798768,0.932619969384439,757,0,0.919675325994635,0.945746811630462
4.45722108145106,0.932619969384439,756,0,0.919675325994635,0.945746811630462
4.46543463381246,0.931384711146844,755,1,0.918237409148116,0.944720255911684
4.46817248459959,0.931384711146844,754,0,0.918237409148116,0.944720255911684
4.47912388774812,0.931384711146844,753,0,0.918237409148116,0.944720255911684
4.49281314168378,0.931384711146844,751,0,0.918237409148116,0.944720255911684
4.49555099247091,0.931384711146844,749,0,0.918237409148116,0.944720255911684
4.50650239561944,0.931384711146844,748,0,0.918237409148116,0.944720255911684
4.5119780971937,0.931384711146844,746,0,0.918237409148116,0.944720255911684
4.51745379876797,0.931384711146844,745,0,0.918237409148116,0.944720255911684
4.53114305270363,0.931384711146844,744,0,0.918237409148116,0.944720255911684
4.53388090349076,0.931384711146844,743,0,0.918237409148116,0.944720255911684
4.53661875427789,0.931384711146844,741,0,0.918237409148116,0.944720255911684
4.54757015742642,0.931384711146844,740,0,0.918237409148116,0.944720255911684
4.55030800821355,0.931384711146844,739,0,0.918237409148116,0.944720255911684
4.56399726214921,0.931384711146844,738,0,0.918237409148116,0.944720255911684
4.56673511293635,0.931384711146844,737,0,0.918237409148116,0.944720255911684
4.56947296372348,0.931384711146844,736,0,0.918237409148116,0.944720255911684
4.57221081451061,0.931384711146844,734,0,0.918237409148116,0.944720255911684
4.57494866529774,0.931384711146844,732,0,0.918237409148116,0.944720255911684
4.5886379192334,0.931384711146844,731,0,0.918237409148116,0.944720255911684
4.59137577002053,0.931384711146844,730,0,0.918237409148116,0.944720255911684
4.59411362080767,0.931384711146844,729,0,0.918237409148116,0.944720255911684
4.59958932238193,0.931384711146844,728,0,0.918237409148116,0.944720255911684
4.60780287474333,0.931384711146844,727,0,0.918237409148116,0.944720255911684
4.61327857631759,0.931384711146844,725,0,0.918237409148116,0.944720255911684
4.62149212867899,0.931384711146844,723,0,0.918237409148116,0.944720255911684
4.62422997946612,0.931384711146844,721,0,0.918237409148116,0.944720255911684
4.62970568104038,0.931384711146844,720,0,0.918237409148116,0.944720255911684
4.63244353182752,0.931384711146844,719,0,0.918237409148116,0.944720255911684
4.64613278576318,0.931384711146844,718,0,0.918237409148116,0.944720255911684
4.64887063655031,0.931384711146844,714,0,0.918237409148116,0.944720255911684
4.65982203969884,0.931384711146844,713,0,0.918237409148116,0.944720255911684
4.66255989048597,0.931384711146844,712,0,0.918237409148116,0.944720255911684
4.68172484599589,0.931384711146844,710,0,0.918237409148116,0.944720255911684
4.68446269678302,0.931384711146844,708,0,0.918237409148116,0.944720255911684
4.69815195071869,0.931384711146844,707,0,0.918237409148116,0.944720255911684
4.70088980150582,0.931384711146844,705,0,0.918237409148116,0.944720255911684
4.70362765229295,0.931384711146844,704,0,0.918237409148116,0.944720255911684
4.70636550308008,0.931384711146844,703,0,0.918237409148116,0.944720255911684
4.71731690622861,0.931384711146844,701,0,0.918237409148116,0.944720255911684
4.72005475701574,0.931384711146844,700,0,0.918237409148116,0.944720255911684
4.72826830937714,0.931384711146844,699,0,0.918237409148116,0.944720255911684
4.7337440109514,0.931384711146844,696,0,0.918237409148116,0.944720255911684
4.73921971252567,0.930044589260301,695,1,0.916661882358142,0.943622675557498
4.7419575633128,0.930044589260301,694,0,0.916661882358142,0.943622675557498
4.74469541409993,0.930044589260301,693,0,0.916661882358142,0.943622675557498
4.77481177275838,0.930044589260301,691,0,0.916661882358142,0.943622675557498
4.78028747433265,0.930044589260301,690,0,0.916661882358142,0.943622675557498
4.78302532511978,0.930044589260301,689,0,0.916661882358142,0.943622675557498
4.79123887748118,0.928692780264284,688,1,0.915075361236234,0.942512842821862
4.79397672826831,0.927340971268266,687,1,0.91349361340284,0.941398236807965
4.79671457905544,0.927340971268266,685,0,0.91349361340284,0.941398236807965
4.79945242984257,0.927340971268266,684,0,0.91349361340284,0.941398236807965
4.80219028062971,0.927340971268266,683,0,0.91349361340284,0.941398236807965
4.80492813141684,0.927340971268266,682,0,0.91349361340284,0.941398236807965
4.81587953456537,0.925979237096066,681,1,0.911903039319874,0.940272716025287
4.82409308692676,0.925979237096066,679,0,0.911903039319874,0.940272716025287
4.82956878850103,0.925979237096066,678,0,0.911903039319874,0.940272716025287
4.83778234086242,0.925979237096066,677,0,0.911903039319874,0.940272716025287
4.84325804243669,0.925979237096066,675,0,0.911903039319874,0.940272716025287
4.87337440109514,0.925979237096066,674,0,0.911903039319874,0.940272716025287
4.8788501026694,0.925979237096066,673,0,0.911903039319874,0.940272716025287
4.88158795345654,0.925979237096066,672,0,0.911903039319874,0.940272716025287
4.8952772073922,0.925979237096066,670,0,0.911903039319874,0.940272716025287
4.89801505817933,0.925979237096066,668,0,0.911903039319874,0.940272716025287
4.90075290896646,0.925979237096066,666,0,0.911903039319874,0.940272716025287
4.91170431211499,0.925979237096066,665,0,0.911903039319874,0.940272716025287
4.91444216290212,0.925979237096066,664,0,0.911903039319874,0.940272716025287
4.91991786447639,0.925979237096066,662,0,0.911903039319874,0.940272716025287
4.93360711841205,0.925979237096066,661,0,0.911903039319874,0.940272716025287
4.94455852156057,0.924576238251981,660,1,0.910261334998609,0.939116259773343
4.95003422313484,0.924576238251981,659,0,0.910261334998609,0.939116259773343
4.95277207392197,0.924576238251981,657,0,0.910261334998609,0.939116259773343
4.95824777549624,0.924576238251981,656,0,0.910261334998609,0.939116259773343
4.96919917864476,0.924576238251981,655,0,0.910261334998609,0.939116259773343
4.98288843258042,0.924576238251981,654,0,0.910261334998609,0.939116259773343
4.98562628336756,0.924576238251981,653,0,0.910261334998609,0.939116259773343
4.99383983572895,0.92315817653687,652,1,0.908604094076132,0.937945387284896
5.00752908966461,0.92315817653687,651,0,0.908604094076132,0.937945387284896
5.01026694045175,0.92315817653687,649,0,0.908604094076132,0.937945387284896
5.02395619438741,0.92315817653687,648,0,0.908604094076132,0.937945387284896
5.02669404517454,0.92315817653687,647,0,0.908604094076132,0.937945387284896
5.02943189596167,0.92315817653687,646,0,0.908604094076132,0.937945387284896
5.0321697467488,0.92315817653687,645,0,0.908604094076132,0.937945387284896
5.03490759753593,0.92315817653687,644,0,0.908604094076132,0.937945387284896
5.04312114989733,0.92315817653687,643,0,0.908604094076132,0.937945387284896
5.05407255304586,0.92315817653687,642,0,0.908604094076132,0.937945387284896
5.06228610540726,0.92315817653687,640,0,0.908604094076132,0.937945387284896
5.06502395619439,0.92315817653687,639,0,0.908604094076132,0.937945387284896
5.07323750855578,0.92315817653687,638,0,0.908604094076132,0.937945387284896
5.08145106091718,0.92315817653687,637,0,0.908604094076132,0.937945387284896
5.09240246406571,0.92315817653687,635,0,0.908604094076132,0.937945387284896
5.09787816563997,0.92315817653687,633,0,0.908604094076132,0.937945387284896
5.10609171800137,0.92315817653687,632,0,0.908604094076132,0.937945387284896
5.11156741957563,0.92315817653687,631,0,0.908604094076132,0.937945387284896
5.11978097193703,0.92315817653687,630,0,0.908604094076132,0.937945387284896
5.12251882272416,0.92315817653687,629,0,0.908604094076132,0.937945387284896
5.14442162902122,0.92315817653687,627,0,0.908604094076132,0.937945387284896
5.14989733059548,0.92315817653687,626,0,0.908604094076132,0.937945387284896
5.15537303216975,0.92315817653687,624,0,0.908604094076132,0.937945387284896
5.16084873374401,0.92315817653687,623,0,0.908604094076132,0.937945387284896
5.16632443531828,0.92315817653687,621,0,0.908604094076132,0.937945387284896
5.1772758384668,0.92315817653687,619,0,0.908604094076132,0.937945387284896
5.18001368925394,0.92315817653687,618,0,0.908604094076132,0.937945387284896
5.1854893908282,0.92315817653687,617,0,0.908604094076132,0.937945387284896
5.19917864476386,0.92315817653687,616,0,0.908604094076132,0.937945387284896
5.20465434633812,0.92165466159137,614,1,0.906835908162078,0.936715570686558
5.20739219712526,0.92165466159137,612,0,0.906835908162078,0.936715570686558
5.21834360027379,0.92165466159137,610,0,0.906835908162078,0.936715570686558
5.22929500342231,0.92165466159137,609,0,0.906835908162078,0.936715570686558
5.24298425735797,0.92165466159137,608,0,0.906835908162078,0.936715570686558
5.25119780971937,0.92165466159137,607,0,0.906835908162078,0.936715570686558
5.28405201916496,0.92165466159137,605,0,0.906835908162078,0.936715570686558
5.29226557152635,0.92165466159137,604,0,0.906835908162078,0.936715570686558
5.29500342231348,0.92165466159137,603,0,0.906835908162078,0.936715570686558
5.31143052703628,0.92165466159137,602,0,0.906835908162078,0.936715570686558
5.31416837782341,0.92165466159137,601,0,0.906835908162078,0.936715570686558
5.3223819301848,0.92165466159137,600,0,0.906835908162078,0.936715570686558
5.3305954825462,0.920116006062837,599,1,0.905025545327754,0.935458086220569
5.33333333333333,0.920116006062837,596,0,0.905025545327754,0.935458086220569
5.34154688569473,0.920116006062837,594,0,0.905025545327754,0.935458086220569
5.34428473648186,0.920116006062837,593,0,0.905025545327754,0.935458086220569
5.34702258726899,0.920116006062837,590,0,0.905025545327754,0.935458086220569
5.35249828884326,0.920116006062837,589,0,0.905025545327754,0.935458086220569
5.35797399041752,0.920116006062837,587,0,0.905025545327754,0.935458086220569
5.37166324435318,0.920116006062837,585,0,0.905025545327754,0.935458086220569
5.37440109514031,0.920116006062837,584,0,0.905025545327754,0.935458086220569
5.37713894592745,0.920116006062837,583,0,0.905025545327754,0.935458086220569
5.37987679671458,0.920116006062837,582,0,0.905025545327754,0.935458086220569
5.39082819986311,0.920116006062837,580,0,0.905025545327754,0.935458086220569
5.39356605065024,0.920116006062837,579,0,0.905025545327754,0.935458086220569
5.39630390143737,0.920116006062837,576,0,0.905025545327754,0.935458086220569
5.4072553045859,0.920116006062837,575,0,0.905025545327754,0.935458086220569
5.40999315537303,0.920116006062837,572,0,0.905025545327754,0.935458086220569
5.41820670773443,0.920116006062837,570,0,0.905025545327754,0.935458086220569
5.42642026009583,0.920116006062837,569,0,0.905025545327754,0.935458086220569
5.42915811088296,0.920116006062837,568,0,0.905025545327754,0.935458086220569
5.44832306639288,0.920116006062837,567,0,0.905025545327754,0.935458086220569
5.45106091718001,0.920116006062837,566,0,0.905025545327754,0.935458086220569
5.45379876796715,0.91848459470457,564,1,0.903094062393047,0.934137412523989
5.45653661875428,0.916850280479117,562,1,0.901165587683856,0.932807963711922
5.46201232032854,0.916850280479117,560,0,0.901165587683856,0.932807963711922
5.46475017111567,0.916850280479117,559,0,0.901165587683856,0.932807963711922
5.46748802190281,0.916850280479117,558,0,0.901165587683856,0.932807963711922
5.4839151266256,0.916850280479117,557,0,0.901165587683856,0.932807963711922
5.48665297741273,0.916850280479117,555,0,0.901165587683856,0.932807963711922
5.49486652977413,0.916850280479117,551,0,0.901165587683856,0.932807963711922
5.50308008213552,0.916850280479117,548,0,0.901165587683856,0.932807963711922
5.50581793292266,0.916850280479117,544,0,0.901165587683856,0.932807963711922
5.50855578370979,0.916850280479117,542,0,0.901165587683856,0.932807963711922
5.52498288843258,0.916850280479117,539,0,0.901165587683856,0.932807963711922
5.52772073921971,0.916850280479117,538,0,0.901165587683856,0.932807963711922
5.53319644079398,0.916850280479117,537,0,0.901165587683856,0.932807963711922
5.54140999315537,0.916850280479117,536,0,0.901165587683856,0.932807963711922
5.5441478439425,0.916850280479117,535,0,0.901165587683856,0.932807963711922
5.54962354551677,0.916850280479117,534,0,0.901165587683856,0.932807963711922
5.5523613963039,0.916850280479117,533,0,0.901165587683856,0.932807963711922
5.5605749486653,0.915126877696261,532,1,0.89912126438793,0.931417413258712
5.56331279945243,0.915126877696261,531,0,0.89912126438793,0.931417413258712
5.56878850102669,0.915126877696261,529,0,0.89912126438793,0.931417413258712
5.57152635181383,0.915126877696261,528,0,0.89912126438793,0.931417413258712
5.58247775496235,0.915126877696261,527,0,0.89912126438793,0.931417413258712
5.58521560574949,0.915126877696261,526,0,0.89912126438793,0.931417413258712
5.59069130732375,0.915126877696261,525,0,0.89912126438793,0.931417413258712
5.59890485968515,0.915126877696261,524,0,0.89912126438793,0.931417413258712
5.60164271047228,0.915126877696261,523,0,0.89912126438793,0.931417413258712
5.60438056125941,0.915126877696261,521,0,0.89912126438793,0.931417413258712
5.60711841204654,0.915126877696261,520,0,0.89912126438793,0.931417413258712
5.61259411362081,0.915126877696261,517,0,0.89912126438793,0.931417413258712
5.61806981519507,0.915126877696261,516,0,0.89912126438793,0.931417413258712
5.6208076659822,0.915126877696261,515,0,0.89912126438793,0.931417413258712
5.637234770705,0.915126877696261,512,0,0.89912126438793,0.931417413258712
5.63997262149213,0.915126877696261,510,0,0.89912126438793,0.931417413258712
5.64271047227926,0.915126877696261,508,0,0.89912126438793,0.931417413258712
5.64818617385353,0.915126877696261,507,0,0.89912126438793,0.931417413258712
5.65913757700205,0.915126877696261,505,0,0.89912126438793,0.931417413258712
5.66461327857632,0.915126877696261,504,0,0.89912126438793,0.931417413258712
5.67282683093771,0.915126877696261,503,0,0.89912126438793,0.931417413258712
5.69472963723477,0.915126877696261,502,0,0.89912126438793,0.931417413258712
5.6974674880219,0.915126877696261,499,0,0.89912126438793,0.931417413258712
5.70020533880903,0.915126877696261,497,0,0.89912126438793,0.931417413258712
5.70294318959617,0.915126877696261,496,0,0.89912126438793,0.931417413258712
5.7056810403833,0.915126877696261,495,0,0.89912126438793,0.931417413258712
5.71663244353183,0.915126877696261,494,0,0.89912126438793,0.931417413258712
5.72210814510609,0.915126877696261,493,0,0.89912126438793,0.931417413258712
5.73305954825462,0.915126877696261,492,0,0.89912126438793,0.931417413258712
5.73853524982888,0.915126877696261,490,0,0.89912126438793,0.931417413258712
5.75496235455168,0.915126877696261,489,0,0.89912126438793,0.931417413258712
5.76043805612594,0.915126877696261,486,0,0.89912126438793,0.931417413258712
5.77960301163587,0.915126877696261,485,0,0.89912126438793,0.931417413258712
5.782340862423,0.915126877696261,484,0,0.89912126438793,0.931417413258712
5.78781656399726,0.915126877696261,483,0,0.89912126438793,0.931417413258712
5.79329226557153,0.915126877696261,482,0,0.89912126438793,0.931417413258712
5.79603011635866,0.915126877696261,481,0,0.89912126438793,0.931417413258712
5.80971937029432,0.915126877696261,480,0,0.89912126438793,0.931417413258712
5.81519507186858,0.915126877696261,479,0,0.89912126438793,0.931417413258712
5.81793292265572,0.915126877696261,477,0,0.89912126438793,0.931417413258712
5.83162217659138,0.915126877696261,476,0,0.89912126438793,0.931417413258712
5.83436002737851,0.915126877696261,475,0,0.89912126438793,0.931417413258712
5.83983572895277,0.915126877696261,474,0,0.89912126438793,0.931417413258712
5.8507871321013,0.915126877696261,473,0,0.89912126438793,0.931417413258712
5.85626283367557,0.915126877696261,472,0,0.89912126438793,0.931417413258712
5.8590006844627,0.915126877696261,471,0,0.89912126438793,0.931417413258712
5.86721423682409,0.915126877696261,469,0,0.89912126438793,0.931417413258712
5.87268993839836,0.915126877696261,468,0,0.89912126438793,0.931417413258712
5.88637919233402,0.915126877696261,466,0,0.89912126438793,0.931417413258712
5.88911704312115,0.915126877696261,463,0,0.89912126438793,0.931417413258712
5.89459274469541,0.915126877696261,462,0,0.89912126438793,0.931417413258712
5.91101984941821,0.915126877696261,461,0,0.89912126438793,0.931417413258712
5.92470910335387,0.915126877696261,459,0,0.89912126438793,0.931417413258712
5.927446954141,0.915126877696261,458,0,0.89912126438793,0.931417413258712
5.93018480492813,0.915126877696261,456,0,0.89912126438793,0.931417413258712
5.93292265571526,0.915126877696261,455,0,0.89912126438793,0.931417413258712
5.9356605065024,0.915126877696261,452,0,0.89912126438793,0.931417413258712
5.93839835728953,0.915126877696261,451,0,0.89912126438793,0.931417413258712
5.94661190965092,0.915126877696261,450,0,0.89912126438793,0.931417413258712
5.94934976043806,0.915126877696261,449,0,0.89912126438793,0.931417413258712
5.96303901437372,0.915126877696261,446,0,0.89912126438793,0.931417413258712
5.96577686516085,0.915126877696261,445,0,0.89912126438793,0.931417413258712
5.96851471594798,0.915126877696261,444,0,0.89912126438793,0.931417413258712
5.97399041752224,0.915126877696261,443,0,0.89912126438793,0.931417413258712
5.99863107460643,0.915126877696261,441,0,0.89912126438793,0.931417413258712
6.02327173169062,0.915126877696261,440,0,0.89912126438793,0.931417413258712
6.02874743326489,0.915126877696261,439,0,0.89912126438793,0.931417413258712
6.03148528405202,0.915126877696261,437,0,0.89912126438793,0.931417413258712
6.04517453798768,0.915126877696261,436,0,0.89912126438793,0.931417413258712
6.05065023956194,0.915126877696261,435,0,0.89912126438793,0.931417413258712
6.05886379192334,0.915126877696261,434,0,0.89912126438793,0.931417413258712
6.06160164271047,0.915126877696261,433,0,0.89912126438793,0.931417413258712
6.06981519507187,0.915126877696261,431,0,0.89912126438793,0.931417413258712
6.0807665982204,0.915126877696261,430,0,0.89912126438793,0.931417413258712
6.09993155373032,0.915126877696261,428,0,0.89912126438793,0.931417413258712
6.10266940451745,0.915126877696261,427,0,0.89912126438793,0.931417413258712
6.10814510609172,0.915126877696261,426,0,0.89912126438793,0.931417413258712
6.12731006160164,0.915126877696261,425,0,0.89912126438793,0.931417413258712
6.13552361396304,0.915126877696261,424,0,0.89912126438793,0.931417413258712
6.13826146475017,0.915126877696261,423,0,0.89912126438793,0.931417413258712
6.1409993155373,0.915126877696261,421,0,0.89912126438793,0.931417413258712
6.1492128678987,0.912948004177937,420,1,0.896435222442723,0.929764959548689
6.16563997262149,0.912948004177937,419,0,0.896435222442723,0.929764959548689
6.17659137577002,0.912948004177937,418,0,0.896435222442723,0.929764959548689
6.18480492813142,0.912948004177937,417,0,0.896435222442723,0.929764959548689
6.18754277891855,0.912948004177937,416,0,0.896435222442723,0.929764959548689
6.19575633127995,0.912948004177937,415,0,0.896435222442723,0.929764959548689
6.19849418206708,0.912948004177937,414,0,0.896435222442723,0.929764959548689
6.20396988364134,0.912948004177937,412,0,0.896435222442723,0.929764959548689
6.22039698836413,0.912948004177937,411,0,0.896435222442723,0.929764959548689
6.23134839151266,0.912948004177937,409,0,0.896435222442723,0.929764959548689
6.23408624229979,0.912948004177937,408,0,0.896435222442723,0.929764959548689
6.23682409308693,0.912948004177937,407,0,0.896435222442723,0.929764959548689
6.25051334702259,0.912948004177937,406,0,0.896435222442723,0.929764959548689
6.25325119780972,0.912948004177937,405,0,0.896435222442723,0.929764959548689
6.25872689938398,0.912948004177937,404,0,0.896435222442723,0.929764959548689
6.26694045174538,0.912948004177937,403,0,0.896435222442723,0.929764959548689
6.26967830253251,0.912948004177937,402,0,0.896435222442723,0.929764959548689
6.27241615331964,0.912948004177937,400,0,0.896435222442723,0.929764959548689
6.27789185489391,0.912948004177937,399,0,0.896435222442723,0.929764959548689
6.28062970568104,0.912948004177937,398,0,0.896435222442723,0.929764959548689
6.2943189596167,0.912948004177937,397,0,0.896435222442723,0.929764959548689
6.29979466119097,0.912948004177937,396,0,0.896435222442723,0.929764959548689
6.31074606433949,0.912948004177937,393,0,0.896435222442723,0.929764959548689
6.31348391512663,0.912948004177937,390,0,0.896435222442723,0.929764959548689
6.32169746748802,0.912948004177937,388,0,0.896435222442723,0.929764959548689
6.34633812457221,0.912948004177937,387,0,0.896435222442723,0.929764959548689
6.34907597535934,0.912948004177937,386,0,0.896435222442723,0.929764959548689
6.35181382614647,0.912948004177937,385,0,0.896435222442723,0.929764959548689
6.36550308008214,0.912948004177937,384,0,0.896435222442723,0.929764959548689
6.36824093086927,0.912948004177937,383,0,0.896435222442723,0.929764959548689
6.38466803559206,0.912948004177937,382,0,0.896435222442723,0.929764959548689
6.38740588637919,0.910551815190593,381,1,0.893445212883373,0.92798595391334
6.39014373716632,0.910551815190593,378,0,0.893445212883373,0.92798595391334
6.40930869267625,0.910551815190593,376,0,0.893445212883373,0.92798595391334
6.41204654346338,0.910551815190593,373,0,0.893445212883373,0.92798595391334
6.42299794661191,0.910551815190593,372,0,0.893445212883373,0.92798595391334
6.42847364818617,0.910551815190593,370,0,0.893445212883373,0.92798595391334
6.43394934976044,0.910551815190593,368,0,0.893445212883373,0.92798595391334
6.44216290212183,0.910551815190593,367,0,0.893445212883373,0.92798595391334
6.45859000684463,0.908063968701002,366,1,0.89034187541324,0.926138817036205
6.46680355920602,0.908063968701002,365,0,0.89034187541324,0.926138817036205
6.48596851471595,0.908063968701002,363,0,0.89034187541324,0.926138817036205
6.49144421629021,0.908063968701002,361,0,0.89034187541324,0.926138817036205
6.50239561943874,0.908063968701002,360,0,0.89034187541324,0.926138817036205
6.507871321013,0.908063968701002,359,0,0.89034187541324,0.926138817036205
6.51060917180014,0.908063968701002,358,0,0.89034187541324,0.926138817036205
6.51334702258727,0.908063968701002,357,0,0.89034187541324,0.926138817036205
6.51882272416153,0.908063968701002,356,0,0.89034187541324,0.926138817036205
6.52156057494867,0.908063968701002,355,0,0.89034187541324,0.926138817036205
6.5242984257358,0.908063968701002,354,0,0.89034187541324,0.926138817036205
6.52703627652293,0.908063968701002,353,0,0.89034187541324,0.926138817036205
6.54072553045859,0.908063968701002,351,0,0.89034187541324,0.926138817036205
6.54346338124572,0.908063968701002,350,0,0.89034187541324,0.926138817036205
6.54893908281999,0.908063968701002,348,0,0.89034187541324,0.926138817036205
6.57905544147844,0.908063968701002,347,0,0.89034187541324,0.926138817036205
6.5927446954141,0.908063968701002,346,0,0.89034187541324,0.926138817036205
6.59548254620123,0.908063968701002,345,0,0.89034187541324,0.926138817036205
6.61738535249829,0.908063968701002,344,0,0.89034187541324,0.926138817036205
6.62012320328542,0.908063968701002,343,0,0.89034187541324,0.926138817036205
6.62559890485969,0.908063968701002,342,0,0.89034187541324,0.926138817036205
6.63655030800821,0.908063968701002,341,0,0.89034187541324,0.926138817036205
6.65571526351814,0.908063968701002,340,0,0.89034187541324,0.926138817036205
6.6611909650924,0.908063968701002,339,0,0.89034187541324,0.926138817036205
6.68035592060233,0.908063968701002,338,0,0.89034187541324,0.926138817036205
6.69678302532512,0.908063968701002,336,0,0.89034187541324,0.926138817036205
6.69952087611225,0.908063968701002,335,0,0.89034187541324,0.926138817036205
6.70225872689938,0.908063968701002,334,0,0.89034187541324,0.926138817036205
6.71594798083504,0.908063968701002,333,0,0.89034187541324,0.926138817036205
6.72142368240931,0.908063968701002,332,0,0.89034187541324,0.926138817036205
6.72689938398357,0.908063968701002,331,0,0.89034187541324,0.926138817036205
6.73237508555784,0.908063968701002,330,0,0.89034187541324,0.926138817036205
6.73511293634497,0.908063968701002,327,0,0.89034187541324,0.926138817036205
6.7378507871321,0.908063968701002,326,0,0.89034187541324,0.926138817036205
6.74880219028063,0.908063968701002,325,0,0.89034187541324,0.926138817036205
6.75154004106776,0.908063968701002,324,0,0.89034187541324,0.926138817036205
6.75427789185489,0.908063968701002,321,0,0.89034187541324,0.926138817036205
6.76796714579055,0.908063968701002,320,0,0.89034187541324,0.926138817036205
6.77891854893908,0.908063968701002,319,0,0.89034187541324,0.926138817036205
6.78439425051335,0.905190348546885,316,1,0.886676399159844,0.924090872249234
6.79260780287474,0.905190348546885,315,0,0.886676399159844,0.924090872249234
6.79808350444901,0.905190348546885,314,0,0.886676399159844,0.924090872249234
6.8062970568104,0.905190348546885,313,0,0.886676399159844,0.924090872249234
6.80903490759754,0.905190348546885,312,0,0.886676399159844,0.924090872249234
6.81724845995893,0.905190348546885,311,0,0.886676399159844,0.924090872249234
6.81998631074606,0.905190348546885,310,0,0.886676399159844,0.924090872249234
6.8227241615332,0.905190348546885,309,0,0.886676399159844,0.924090872249234
6.83093771389459,0.905190348546885,308,0,0.886676399159844,0.924090872249234
6.83641341546886,0.905190348546885,307,0,0.886676399159844,0.924090872249234
6.84736481861739,0.905190348546885,304,0,0.886676399159844,0.924090872249234
6.85284052019165,0.905190348546885,303,0,0.886676399159844,0.924090872249234
6.86379192334018,0.905190348546885,302,0,0.886676399159844,0.924090872249234
6.86652977412731,0.905190348546885,301,0,0.886676399159844,0.924090872249234
6.86926762491444,0.905190348546885,300,0,0.886676399159844,0.924090872249234
6.87200547570157,0.905190348546885,299,0,0.886676399159844,0.924090872249234
6.87474332648871,0.905190348546885,298,0,0.886676399159844,0.924090872249234
6.91307323750856,0.905190348546885,296,0,0.886676399159844,0.924090872249234
6.92128678986995,0.905190348546885,295,0,0.886676399159844,0.924090872249234
6.92676249144422,0.905190348546885,294,0,0.886676399159844,0.924090872249234
6.92950034223135,0.905190348546885,292,0,0.886676399159844,0.924090872249234
6.93223819301848,0.905190348546885,291,0,0.886676399159844,0.924090872249234
6.94866529774127,0.905190348546885,290,0,0.886676399159844,0.924090872249234
6.96509240246407,0.905190348546885,289,0,0.886676399159844,0.924090872249234
6.9678302532512,0.905190348546885,286,0,0.886676399159844,0.924090872249234
6.97056810403833,0.905190348546885,284,0,0.886676399159844,0.924090872249234
6.97604380561259,0.905190348546885,283,0,0.886676399159844,0.924090872249234
7.00068446269678,0.905190348546885,282,0,0.886676399159844,0.924090872249234
7.01984941820671,0.901945938695462,279,1,0.882469256218209,0.921852484488232
7.02532511978097,0.901945938695462,278,0,0.882469256218209,0.921852484488232
7.0280629705681,0.898678018627725,276,1,0.878278926446,0.91955090444073
7.03353867214237,0.898678018627725,273,0,0.878278926446,0.91955090444073
7.03901437371663,0.898678018627725,272,0,0.878278926446,0.91955090444073
7.05270362765229,0.898678018627725,269,0,0.878278926446,0.91955090444073
7.06091718001369,0.898678018627725,268,0,0.878278926446,0.91955090444073
7.08008213552361,0.898678018627725,267,0,0.878278926446,0.91955090444073
7.1047227926078,0.898678018627725,266,0,0.878278926446,0.91955090444073
7.11567419575633,0.898678018627725,265,0,0.878278926446,0.91955090444073
7.11841204654346,0.898678018627725,263,0,0.878278926446,0.91955090444073
7.1211498973306,0.898678018627725,262,0,0.878278926446,0.91955090444073
7.12388774811773,0.898678018627725,261,0,0.878278926446,0.91955090444073
7.13757700205339,0.898678018627725,260,0,0.878278926446,0.91955090444073
7.14031485284052,0.898678018627725,259,0,0.878278926446,0.91955090444073
7.15947980835044,0.898678018627725,257,0,0.878278926446,0.91955090444073
7.16221765913758,0.898678018627725,256,0,0.878278926446,0.91955090444073
7.18412046543463,0.898678018627725,255,0,0.878278926446,0.91955090444073
7.20054757015743,0.898678018627725,254,0,0.878278926446,0.91955090444073
7.20876112251882,0.898678018627725,253,0,0.878278926446,0.91955090444073
7.21423682409309,0.898678018627725,252,0,0.878278926446,0.91955090444073
7.21971252566735,0.898678018627725,250,0,0.878278926446,0.91955090444073
7.22792607802875,0.898678018627725,248,0,0.878278926446,0.91955090444073
7.23613963039014,0.898678018627725,247,0,0.878278926446,0.91955090444073
7.23887748117728,0.898678018627725,245,0,0.878278926446,0.91955090444073
7.25256673511294,0.898678018627725,244,0,0.878278926446,0.91955090444073
7.26351813826146,0.898678018627725,243,0,0.878278926446,0.91955090444073
7.2662559890486,0.898678018627725,242,0,0.878278926446,0.91955090444073
7.27173169062286,0.898678018627725,241,0,0.878278926446,0.91955090444073
7.29363449691992,0.898678018627725,240,0,0.878278926446,0.91955090444073
7.30458590006845,0.898678018627725,238,0,0.878278926446,0.91955090444073
7.30732375085558,0.898678018627725,237,0,0.878278926446,0.91955090444073
7.31279945242984,0.894870060921675,236,1,0.873279894335173,0.916994002871903
7.33196440793977,0.894870060921675,235,0,0.873279894335173,0.916994002871903
7.35934291581109,0.894870060921675,234,0,0.873279894335173,0.916994002871903
7.37029431895962,0.894870060921675,233,0,0.873279894335173,0.916994002871903
7.37850787132101,0.894870060921675,231,0,0.873279894335173,0.916994002871903
7.38672142368241,0.894870060921675,230,0,0.873279894335173,0.916994002871903
7.38945927446954,0.894870060921675,229,0,0.873279894335173,0.916994002871903
7.4031485284052,0.894870060921675,228,0,0.873279894335173,0.916994002871903
7.40862422997947,0.894870060921675,227,0,0.873279894335173,0.916994002871903
7.42231348391513,0.894870060921675,226,0,0.873279894335173,0.916994002871903
7.43052703627652,0.894870060921675,224,0,0.873279894335173,0.916994002871903
7.43874058863792,0.894870060921675,223,0,0.873279894335173,0.916994002871903
7.44969199178645,0.894870060921675,222,0,0.873279894335173,0.916994002871903
7.46064339493498,0.894870060921675,220,0,0.873279894335173,0.916994002871903
7.46338124572211,0.894870060921675,219,0,0.873279894335173,0.916994002871903
7.48528405201917,0.894870060921675,218,0,0.873279894335173,0.916994002871903
7.49897330595483,0.894870060921675,217,0,0.873279894335173,0.916994002871903
7.51813826146475,0.894870060921675,213,0,0.873279894335173,0.916994002871903
7.53730321697468,0.894870060921675,212,0,0.873279894335173,0.916994002871903
7.54004106776181,0.894870060921675,210,0,0.873279894335173,0.916994002871903
7.55099247091034,0.894870060921675,209,0,0.873279894335173,0.916994002871903
7.5564681724846,0.894870060921675,208,0,0.873279894335173,0.916994002871903
7.55920602327173,0.894870060921675,207,0,0.873279894335173,0.916994002871903
7.56194387405886,0.894870060921675,206,0,0.873279894335173,0.916994002871903
7.564681724846,0.894870060921675,205,0,0.873279894335173,0.916994002871903
7.57289527720739,0.894870060921675,204,0,0.873279894335173,0.916994002871903
7.57563312799452,0.894870060921675,202,0,0.873279894335173,0.916994002871903
7.58110882956879,0.894870060921675,201,0,0.873279894335173,0.916994002871903
7.58658453114305,0.894870060921675,200,0,0.873279894335173,0.916994002871903
7.58932238193018,0.894870060921675,199,0,0.873279894335173,0.916994002871903
7.59753593429158,0.890350515159444,198,1,0.867186054526148,0.914133749853545
7.63586584531143,0.890350515159444,197,0,0.867186054526148,0.914133749853545
7.63860369609856,0.890350515159444,196,0,0.867186054526148,0.914133749853545
7.64134154688569,0.890350515159444,195,0,0.867186054526148,0.914133749853545
7.64955509924709,0.890350515159444,194,0,0.867186054526148,0.914133749853545
7.65776865160849,0.890350515159444,192,0,0.867186054526148,0.914133749853545
7.66050650239562,0.890350515159444,191,0,0.867186054526148,0.914133749853545
7.66598220396988,0.890350515159444,190,0,0.867186054526148,0.914133749853545
7.67145790554415,0.890350515159444,189,0,0.867186054526148,0.914133749853545
7.67419575633128,0.890350515159444,188,0,0.867186054526148,0.914133749853545
7.67693360711841,0.890350515159444,186,0,0.867186054526148,0.914133749853545
7.69062286105407,0.890350515159444,184,0,0.867186054526148,0.914133749853545
7.7015742642026,0.890350515159444,182,0,0.867186054526148,0.914133749853545
7.70704996577687,0.890350515159444,181,0,0.867186054526148,0.914133749853545
7.709787816564,0.890350515159444,180,0,0.867186054526148,0.914133749853545
7.71800136892539,0.890350515159444,178,0,0.867186054526148,0.914133749853545
7.74811772758385,0.890350515159444,177,0,0.867186054526148,0.914133749853545
7.75633127994524,0.890350515159444,176,0,0.867186054526148,0.914133749853545
7.76728268309377,0.890350515159444,175,0,0.867186054526148,0.914133749853545
7.77549623545517,0.890350515159444,174,0,0.867186054526148,0.914133749853545
7.7782340862423,0.890350515159444,172,0,0.867186054526148,0.914133749853545
7.7864476386037,0.890350515159444,171,0,0.867186054526148,0.914133749853545
7.79192334017796,0.890350515159444,170,0,0.867186054526148,0.914133749853545
7.80287474332649,0.890350515159444,169,0,0.867186054526148,0.914133749853545
7.80561259411362,0.890350515159444,168,0,0.867186054526148,0.914133749853545
7.80835044490075,0.890350515159444,167,0,0.867186054526148,0.914133749853545
7.81108829568788,0.890350515159444,166,0,0.867186054526148,0.914133749853545
7.81382614647502,0.890350515159444,165,0,0.867186054526148,0.914133749853545
7.84394250513347,0.890350515159444,164,0,0.867186054526148,0.914133749853545
7.85215605749487,0.890350515159444,163,0,0.867186054526148,0.914133749853545
7.87132101300479,0.890350515159444,161,0,0.867186054526148,0.914133749853545
7.89596167008898,0.890350515159444,159,0,0.867186054526148,0.914133749853545
7.90143737166324,0.890350515159444,157,0,0.867186054526148,0.914133749853545
7.90691307323751,0.890350515159444,156,0,0.867186054526148,0.914133749853545
7.90965092402464,0.890350515159444,155,0,0.867186054526148,0.914133749853545
7.91238877481177,0.890350515159444,154,0,0.867186054526148,0.914133749853545
7.92060232717317,0.890350515159444,153,0,0.867186054526148,0.914133749853545
7.92881587953457,0.890350515159444,152,0,0.867186054526148,0.914133749853545
7.93976728268309,0.890350515159444,151,0,0.867186054526148,0.914133749853545
7.94798083504449,0.890350515159444,150,0,0.867186054526148,0.914133749853545
7.98083504449008,0.890350515159444,147,0,0.867186054526148,0.914133749853545
8.00547570157426,0.890350515159444,145,0,0.867186054526148,0.914133749853545
8.01916495550993,0.890350515159444,144,0,0.867186054526148,0.914133749853545
8.02190280629706,0.890350515159444,143,0,0.867186054526148,0.914133749853545
8.03285420944558,0.890350515159444,141,0,0.867186054526148,0.914133749853545
8.03832991101985,0.890350515159444,140,0,0.867186054526148,0.914133749853545
8.04106776180698,0.890350515159444,139,0,0.867186054526148,0.914133749853545
8.04928131416838,0.890350515159444,137,0,0.867186054526148,0.914133749853545
8.05475701574264,0.890350515159444,136,0,0.867186054526148,0.914133749853545
8.05749486652977,0.890350515159444,135,0,0.867186054526148,0.914133749853545
8.06297056810404,0.890350515159444,134,0,0.867186054526148,0.914133749853545
8.07939767282683,0.890350515159444,133,0,0.867186054526148,0.914133749853545
8.08487337440109,0.890350515159444,132,0,0.867186054526148,0.914133749853545
8.08761122518823,0.890350515159444,131,0,0.867186054526148,0.914133749853545
8.10130047912389,0.890350515159444,130,0,0.867186054526148,0.914133749853545
8.11772758384668,0.890350515159444,129,0,0.867186054526148,0.914133749853545
8.12046543463381,0.890350515159444,128,0,0.867186054526148,0.914133749853545
8.12867898699521,0.890350515159444,127,0,0.867186054526148,0.914133749853545
8.13415468856947,0.890350515159444,126,0,0.867186054526148,0.914133749853545
8.145106091718,0.890350515159444,125,0,0.867186054526148,0.914133749853545
8.1533196440794,0.890350515159444,122,0,0.867186054526148,0.914133749853545
8.15605749486653,0.890350515159444,121,0,0.867186054526148,0.914133749853545
8.16427104722793,0.890350515159444,118,0,0.867186054526148,0.914133749853545
8.16700889801506,0.890350515159444,117,0,0.867186054526148,0.914133749853545
8.16974674880219,0.890350515159444,116,0,0.867186054526148,0.914133749853545
8.17796030116359,0.890350515159444,115,0,0.867186054526148,0.914133749853545
8.18891170431212,0.890350515159444,113,0,0.867186054526148,0.914133749853545
8.19712525667351,0.890350515159444,112,0,0.867186054526148,0.914133749853545
8.20533880903491,0.890350515159444,111,0,0.867186054526148,0.914133749853545
8.21902806297057,0.890350515159444,108,0,0.867186054526148,0.914133749853545
8.23545516769336,0.890350515159444,107,0,0.867186054526148,0.914133749853545
8.24366872005476,0.890350515159444,106,0,0.867186054526148,0.914133749853545
8.24640657084189,0.890350515159444,104,0,0.867186054526148,0.914133749853545
8.26009582477755,0.890350515159444,103,0,0.867186054526148,0.914133749853545
8.26830937713895,0.890350515159444,102,0,0.867186054526148,0.914133749853545
8.27104722792608,0.890350515159444,99,0,0.867186054526148,0.914133749853545
8.28473648186174,0.890350515159444,98,0,0.867186054526148,0.914133749853545
8.29295003422314,0.890350515159444,97,0,0.867186054526148,0.914133749853545
8.30116358658453,0.890350515159444,95,0,0.867186054526148,0.914133749853545
8.30390143737166,0.890350515159444,94,0,0.867186054526148,0.914133749853545
8.31211498973306,0.890350515159444,93,0,0.867186054526148,0.914133749853545
8.31759069130732,0.890350515159444,92,0,0.867186054526148,0.914133749853545
8.32306639288159,0.890350515159444,91,0,0.867186054526148,0.914133749853545
8.32580424366872,0.890350515159444,90,0,0.867186054526148,0.914133749853545
8.33127994524298,0.890350515159444,89,0,0.867186054526148,0.914133749853545
8.34223134839151,0.890350515159444,88,0,0.867186054526148,0.914133749853545
8.34496919917864,0.890350515159444,87,0,0.867186054526148,0.914133749853545
8.36139630390144,0.890350515159444,86,0,0.867186054526148,0.914133749853545
8.37782340862423,0.890350515159444,85,0,0.867186054526148,0.914133749853545
8.38056125941136,0.890350515159444,84,0,0.867186054526148,0.914133749853545
8.39425051334702,0.890350515159444,83,0,0.867186054526148,0.914133749853545
8.39972621492129,0.890350515159444,81,0,0.867186054526148,0.914133749853545
8.40793976728268,0.890350515159444,80,0,0.867186054526148,0.914133749853545
8.41889117043121,0.890350515159444,78,0,0.867186054526148,0.914133749853545
8.42162902121834,0.890350515159444,77,0,0.867186054526148,0.914133749853545
8.42710472279261,0.890350515159444,75,0,0.867186054526148,0.914133749853545
8.435318275154,0.890350515159444,74,0,0.867186054526148,0.914133749853545
8.43805612594114,0.890350515159444,73,0,0.867186054526148,0.914133749853545
8.4435318275154,0.890350515159444,72,0,0.867186054526148,0.914133749853545
8.45448323066393,0.890350515159444,71,0,0.867186054526148,0.914133749853545
8.45722108145106,0.890350515159444,70,0,0.867186054526148,0.914133749853545
8.46543463381246,0.890350515159444,69,0,0.867186054526148,0.914133749853545
8.47638603696099,0.890350515159444,68,0,0.867186054526148,0.914133749853545
8.48186173853525,0.890350515159444,67,0,0.867186054526148,0.914133749853545
8.49555099247091,0.890350515159444,65,0,0.867186054526148,0.914133749853545
8.5119780971937,0.890350515159444,64,0,0.867186054526148,0.914133749853545
8.51745379876797,0.890350515159444,63,0,0.867186054526148,0.914133749853545
8.52292950034223,0.890350515159444,62,0,0.867186054526148,0.914133749853545
8.5284052019165,0.890350515159444,61,0,0.867186054526148,0.914133749853545
8.53114305270363,0.890350515159444,60,0,0.867186054526148,0.914133749853545
8.53935660506502,0.890350515159444,58,0,0.867186054526148,0.914133749853545
8.55304585900068,0.890350515159444,57,0,0.867186054526148,0.914133749853545
8.55852156057495,0.890350515159444,55,0,0.867186054526148,0.914133749853545
8.56125941136208,0.890350515159444,54,0,0.867186054526148,0.914133749853545
8.59958932238193,0.890350515159444,53,0,0.867186054526148,0.914133749853545
8.60232717316906,0.890350515159444,52,0,0.867186054526148,0.914133749853545
8.61601642710472,0.890350515159444,51,0,0.867186054526148,0.914133749853545
8.61875427789185,0.890350515159444,50,0,0.867186054526148,0.914133749853545
8.63244353182752,0.890350515159444,48,0,0.867186054526148,0.914133749853545
8.63791923340178,0.890350515159444,47,0,0.867186054526148,0.914133749853545
8.64339493497604,0.890350515159444,44,0,0.867186054526148,0.914133749853545
8.64887063655031,0.890350515159444,43,0,0.867186054526148,0.914133749853545
8.66255989048597,0.890350515159444,42,0,0.867186054526148,0.914133749853545
8.67624914442163,0.890350515159444,40,0,0.867186054526148,0.914133749853545
8.68720054757016,0.890350515159444,39,0,0.867186054526148,0.914133749853545
8.70636550308008,0.890350515159444,38,0,0.867186054526148,0.914133749853545
8.70910335386721,0.890350515159444,36,0,0.867186054526148,0.914133749853545
8.72826830937714,0.890350515159444,34,0,0.867186054526148,0.914133749853545
8.7419575633128,0.890350515159444,33,0,0.867186054526148,0.914133749853545
8.74469541409993,0.890350515159444,31,0,0.867186054526148,0.914133749853545
8.7501711156742,0.890350515159444,30,0,0.867186054526148,0.914133749853545
8.75290896646133,0.890350515159444,29,0,0.867186054526148,0.914133749853545
8.75838466803559,0.890350515159444,28,0,0.867186054526148,0.914133749853545
8.77754962354552,0.890350515159444,27,0,0.867186054526148,0.914133749853545
8.78576317590691,0.890350515159444,26,0,0.867186054526148,0.914133749853545
8.80219028062971,0.890350515159444,25,0,0.867186054526148,0.914133749853545
8.80492813141684,0.890350515159444,24,0,0.867186054526148,0.914133749853545
8.82409308692676,0.890350515159444,23,0,0.867186054526148,0.914133749853545
8.82956878850103,0.890350515159444,22,0,0.867186054526148,0.914133749853545
8.84052019164955,0.890350515159444,21,0,0.867186054526148,0.914133749853545
8.84325804243669,0.890350515159444,20,0,0.867186054526148,0.914133749853545
8.85968514715948,0.890350515159444,19,0,0.867186054526148,0.914133749853545
8.86242299794661,0.890350515159444,17,0,0.867186054526148,0.914133749853545
8.88158795345654,0.890350515159444,15,0,0.867186054526148,0.914133749853545
8.88432580424367,0.890350515159444,14,0,0.867186054526148,0.914133749853545
8.89253935660506,0.890350515159444,13,0,0.867186054526148,0.914133749853545
8.8952772073922,0.890350515159444,12,0,0.867186054526148,0.914133749853545
8.89801505817933,0.890350515159444,11,0,0.867186054526148,0.914133749853545
8.90349075975359,0.890350515159444,9,0,0.867186054526148,0.914133749853545
8.91991786447639,0.890350515159444,8,0,0.867186054526148,0.914133749853545
8.92265571526352,0.890350515159444,7,0,0.867186054526148,0.914133749853545
8.93360711841205,0.890350515159444,6,0,0.867186054526148,0.914133749853545
8.93634496919918,0.890350515159444,5,0,0.867186054526148,0.914133749853545
8.95824777549624,0.890350515159444,4,0,0.867186054526148,0.914133749853545
8.99110198494182,0.890350515159444,3,0,0.867186054526148,0.914133749853545
8.99383983572895,0.890350515159444,2,0,0.867186054526148,0.914133749853545
